"Date","Station","Latitude","Longitude","Data_source","temp_mean","rel_humidity_mean","solar_radiation_mean","solar_radiation_max","solar_radiation_sum"
2015-01-01,"DSCR",39.86,-75.84,"PSM",-1.29166666666667,70.16625,114.125,485,2739
2015-01-02,"DSCR",39.86,-75.84,"PSM",-0.125,78.34,87.375,396,2097
2015-01-03,"DSCR",39.86,-75.84,"PSM",0.166666666666667,92.9129166666667,15.8333333333333,98,380
2015-01-04,"DSCR",39.86,-75.84,"PSM",5.45833333333333,98.3695833333333,20.5,124,492
2015-01-05,"DSCR",39.86,-75.84,"PSM",-1.41666666666667,59.9591666666667,107.666666666667,497,2584
2015-01-06,"DSCR",39.86,-75.84,"PSM",-4.95833333333333,66.47,43.3333333333333,230,1040
2015-01-07,"DSCR",39.86,-75.84,"PSM",-7.5,56.8779166666667,100.75,465,2418
2015-01-08,"DSCR",39.86,-75.84,"PSM",-10.25,59.7516666666667,113.166666666667,517,2716
2015-01-09,"DSCR",39.86,-75.84,"PSM",-4.375,65.6675,106.875,517,2565
2015-01-10,"DSCR",39.86,-75.84,"PSM",-9.08333333333333,59.9916666666667,130.875,541,3141
2015-01-11,"DSCR",39.86,-75.84,"PSM",-3.625,71.8533333333333,113.791666666667,520,2731
2015-01-12,"DSCR",39.86,-75.84,"PSM",-0.0833333333333333,95.4145833333333,25.5416666666667,119,613
2015-01-13,"DSCR",39.86,-75.84,"PSM",-4.75,70.9725,124.25,524,2982
2015-01-14,"DSCR",39.86,-75.84,"PSM",-5.41666666666667,78.88875,50.625,234,1215
2015-01-15,"DSCR",39.86,-75.84,"PSM",-3.41666666666667,81.4,108.375,455,2601
2015-01-16,"DSCR",39.86,-75.84,"PSM",-2.58333333333333,76.9179166666667,113.458333333333,496,2723
2015-01-17,"DSCR",39.86,-75.84,"PSM",-5.66666666666667,69.4195833333333,116.458333333333,503,2795
2015-01-18,"DSCR",39.86,-75.84,"PSM",-0.583333333333333,97.8479166666667,15.75,118,378
2015-01-19,"DSCR",39.86,-75.84,"PSM",0,86.8625,80.7083333333333,446,1937
2015-01-20,"DSCR",39.86,-75.84,"PSM",-0.0833333333333333,87.9191666666667,57.125,273,1371
2015-01-21,"DSCR",39.86,-75.84,"PSM",-2.41666666666667,79.8258333333333,62.2916666666667,339,1495
2015-01-22,"DSCR",39.86,-75.84,"PSM",-1.125,88.4483333333333,86.9583333333333,422,2087
2015-01-23,"DSCR",39.86,-75.84,"PSM",-1.125,85.1108333333333,102.208333333333,441,2453
2015-01-24,"DSCR",39.86,-75.84,"PSM",-0.75,95.1179166666667,56.25,269,1350
2015-01-25,"DSCR",39.86,-75.84,"PSM",-0.458333333333333,89.3220833333333,101.375,448,2433
2015-01-26,"DSCR",39.86,-75.84,"PSM",-3.95833333333333,83.7954166666667,37.375,244,897
2015-01-27,"DSCR",39.86,-75.84,"PSM",-4.29166666666667,77.49375,122.208333333333,573,2933
2015-01-28,"DSCR",39.86,-75.84,"PSM",-7.45833333333333,73.2783333333333,154.083333333333,605,3698
2015-01-29,"DSCR",39.86,-75.84,"PSM",-5.58333333333333,76.5816666666667,72.0416666666667,369,1729
2015-01-30,"DSCR",39.86,-75.84,"PSM",-2.79166666666667,81.50125,91.7916666666667,422,2203
2015-01-31,"DSCR",39.86,-75.84,"PSM",-8.625,69.2395833333333,156.416666666667,609,3754
2015-02-01,"DSCR",39.86,-75.84,"PSM",-3.33333333333333,81.7154166666667,108.75,482,2610
2015-02-02,"DSCR",39.86,-75.84,"PSM",-2.375,89.2725,31.0416666666667,150,745
2015-02-03,"DSCR",39.86,-75.84,"PSM",-7.5,69.3983333333333,146.125,628,3507
2015-02-04,"DSCR",39.86,-75.84,"PSM",-1.66666666666667,86.7670833333333,108.666666666667,436,2608
2015-02-05,"DSCR",39.86,-75.84,"PSM",-4.58333333333333,69.5466666666667,121.666666666667,578,2920
2015-02-06,"DSCR",39.86,-75.84,"PSM",-8.04166666666667,69.0425,127.458333333333,595,3059
2015-02-07,"DSCR",39.86,-75.84,"PSM",-2.29166666666667,79.0125,109.625,477,2631
2015-02-08,"DSCR",39.86,-75.84,"PSM",0.333333333333333,94.62625,62.5416666666667,339,1501
2015-02-09,"DSCR",39.86,-75.84,"PSM",-1.08333333333333,87.1795833333333,19.1666666666667,109,460
2015-02-10,"DSCR",39.86,-75.84,"PSM",-1.75,80.78625,135.083333333333,610,3242
2015-02-11,"DSCR",39.86,-75.84,"PSM",-2.79166666666667,70.9391666666667,165.583333333333,648,3974
2015-02-12,"DSCR",39.86,-75.84,"PSM",-2.75,74.50375,104.875,388,2517
2015-02-13,"DSCR",39.86,-75.84,"PSM",-9.45833333333333,54.8866666666667,180.833333333333,677,4340
2015-02-14,"DSCR",39.86,-75.84,"PSM",-5.41666666666667,77.0195833333333,52.7916666666667,255,1267
2015-02-15,"DSCR",39.86,-75.84,"PSM",-13,57.3354166666667,187.375,705,4497
2015-02-16,"DSCR",39.86,-75.84,"PSM",-13.3333333333333,59.9879166666667,131.291666666667,541,3151
2015-02-17,"DSCR",39.86,-75.84,"PSM",-8.45833333333333,73.35875,175.125,694,4203
2015-02-18,"DSCR",39.86,-75.84,"PSM",-6.125,68.9645833333333,180.541666666667,710,4333
2015-02-19,"DSCR",39.86,-75.84,"PSM",-10.875,59.28625,138,712,3312
2015-02-20,"DSCR",39.86,-75.84,"PSM",-13.625,58.3775,204.75,744,4914
2015-02-21,"DSCR",39.86,-75.84,"PSM",-7.75,79.65,55.125,202,1323
2015-02-22,"DSCR",39.86,-75.84,"PSM",-0.0833333333333333,88.6295833333333,126.333333333333,668,3032
2015-02-23,"DSCR",39.86,-75.84,"PSM",-6.875,70.4579166666667,153.291666666667,742,3679
2015-02-24,"DSCR",39.86,-75.84,"PSM",-10.375,67.9745833333333,205.25,766,4926
2015-02-25,"DSCR",39.86,-75.84,"PSM",-4.45833333333333,76.2475,181.833333333333,746,4364
2015-02-26,"DSCR",39.86,-75.84,"PSM",-3.83333333333333,75.3295833333333,128.083333333333,518,3074
2015-02-27,"DSCR",39.86,-75.84,"PSM",-5.375,70.31375,210.375,756,5049
2015-02-28,"DSCR",39.86,-75.84,"PSM",-6.91666666666667,58.9683333333333,214.291666666667,775,5143
2015-03-01,"DSCR",39.86,-75.84,"PSM",-4.375,80.5841666666667,60.6666666666667,251,1456
2015-03-02,"DSCR",39.86,-75.84,"PSM",-2.16666666666667,84.74125,202.541666666667,781,4861
2015-03-03,"DSCR",39.86,-75.84,"PSM",-4,81.89375,110.5,652,2652
2015-03-04,"DSCR",39.86,-75.84,"PSM",0.708333333333333,99.63625,70.2083333333333,403,1685
2015-03-05,"DSCR",39.86,-75.84,"PSM",-3.83333333333333,89.6295833333333,36.9583333333333,200,887
2015-03-06,"DSCR",39.86,-75.84,"PSM",-11.25,78.34125,238.666666666667,826,5728
2015-03-07,"DSCR",39.86,-75.84,"PSM",-5.83333333333333,87.2454166666667,149,553,3576
2015-03-08,"DSCR",39.86,-75.84,"PSM",0.708333333333333,81.8391666666667,227.625,792,5463
2015-03-09,"DSCR",39.86,-75.84,"PSM",4.125,77.0404166666667,192.958333333333,737,4631
2015-03-10,"DSCR",39.86,-75.84,"PSM",3.875,96.0566666666667,124.875,530,2997
2015-03-11,"DSCR",39.86,-75.84,"PSM",6.16666666666667,92.0791666666667,156.416666666667,634,3754
2015-03-12,"DSCR",39.86,-75.84,"PSM",1.91666666666667,72.0508333333333,237.916666666667,810,5710
2015-03-13,"DSCR",39.86,-75.84,"PSM",0.625,76.1075,174.916666666667,609,4198
2015-03-14,"DSCR",39.86,-75.84,"PSM",4.79166666666667,98.4129166666667,58.2916666666667,270,1399
2015-03-15,"DSCR",39.86,-75.84,"PSM",2.45833333333333,83.6654166666667,60.375,199,1449
2015-03-16,"DSCR",39.86,-75.84,"PSM",3.875,86.3741666666667,164.166666666667,540,3940
2015-03-17,"DSCR",39.86,-75.84,"PSM",6.25,77.79,191.5,757,4596
2015-03-18,"DSCR",39.86,-75.84,"PSM",-0.375,63.3904166666667,256.583333333333,848,6158
2015-03-19,"DSCR",39.86,-75.84,"PSM",0.583333333333333,64.9245833333333,221.458333333333,746,5315
2015-03-20,"DSCR",39.86,-75.84,"PSM",-0.291666666666667,91.565,31.6666666666667,136,760
2015-03-21,"DSCR",39.86,-75.84,"PSM",2.41666666666667,89.25625,207.541666666667,787,4981
2015-03-22,"DSCR",39.86,-75.84,"PSM",0.791666666666667,71.6991666666667,232.791666666667,790,5587
2015-03-23,"DSCR",39.86,-75.84,"PSM",-1.16666666666667,64.44,262.583333333333,855,6302
2015-03-24,"DSCR",39.86,-75.84,"PSM",0.5,65.77,86.9583333333333,487,2087
2015-03-25,"DSCR",39.86,-75.84,"PSM",1.91666666666667,82.5645833333333,79.8333333333333,344,1916
2015-03-26,"DSCR",39.86,-75.84,"PSM",9.45833333333333,96.7229166666667,105,635,2520
2015-03-27,"DSCR",39.86,-75.84,"PSM",3.33333333333333,84.30875,119.083333333333,532,2858
2015-03-28,"DSCR",39.86,-75.84,"PSM",-1,69.65,166.708333333333,639,4001
2015-03-29,"DSCR",39.86,-75.84,"PSM",-0.666666666666667,59.8241666666667,283.416666666667,906,6802
2015-03-30,"DSCR",39.86,-75.84,"PSM",4.5,77.5795833333333,182.25,695,4374
2015-03-31,"DSCR",39.86,-75.84,"PSM",4.54166666666667,88.0320833333333,96.875,578,2325
2015-04-01,"DSCR",39.86,-75.84,"PSM",3.33333333333333,69.735,279.541666666667,888,6709
2015-04-02,"DSCR",39.86,-75.84,"PSM",7.91666666666667,79.6220833333333,246.666666666667,859,5920
2015-04-03,"DSCR",39.86,-75.84,"PSM",13.3333333333333,97.9041666666667,76.2083333333333,290,1829
2015-04-04,"DSCR",39.86,-75.84,"PSM",6.70833333333333,73.87,274.666666666667,916,6592
2015-04-05,"DSCR",39.86,-75.84,"PSM",6.66666666666667,74.3541666666667,254.708333333333,732,6113
2015-04-06,"DSCR",39.86,-75.84,"PSM",10.0833333333333,83.5629166666667,269.75,872,6474
2015-04-07,"DSCR",39.86,-75.84,"PSM",12.9583333333333,91.9329166666667,123.041666666667,570,2953
2015-04-08,"DSCR",39.86,-75.84,"PSM",4.41666666666667,96.2775,51.5416666666667,253,1237
2015-04-09,"DSCR",39.86,-75.84,"PSM",3.5,96.1566666666667,56.2916666666667,383,1351
2015-04-10,"DSCR",39.86,-75.84,"PSM",8.58333333333333,96.02375,93.4166666666667,484,2242
2015-04-11,"DSCR",39.86,-75.84,"PSM",7.75,76.4508333333333,298.416666666667,925,7162
2015-04-12,"DSCR",39.86,-75.84,"PSM",7.91666666666667,74.02,292.041666666667,928,7009
2015-04-13,"DSCR",39.86,-75.84,"PSM",11.4583333333333,87.255,263.708333333333,872,6329
2015-04-14,"DSCR",39.86,-75.84,"PSM",11.4166666666667,88.2758333333333,52,239,1248
2015-04-15,"DSCR",39.86,-75.84,"PSM",9.83333333333333,73.0595833333333,244.541666666667,798,5869
2015-04-16,"DSCR",39.86,-75.84,"PSM",10.9166666666667,78.1175,288.541666666667,928,6925
2015-04-17,"DSCR",39.86,-75.84,"PSM",14.9583333333333,89.96625,151.041666666667,644,3625
2015-04-18,"DSCR",39.86,-75.84,"PSM",15.5416666666667,76.4108333333333,278.375,855,6681
2015-04-19,"DSCR",39.86,-75.84,"PSM",10,79.5208333333333,235.583333333333,792,5654
2015-04-20,"DSCR",39.86,-75.84,"PSM",15.9583333333333,90.9566666666667,160.708333333333,725,3857
2015-04-21,"DSCR",39.86,-75.84,"PSM",11.5416666666667,76.5970833333333,272,949,6528
2015-04-22,"DSCR",39.86,-75.84,"PSM",9.83333333333333,79.4575,212,840,5088
2015-04-23,"DSCR",39.86,-75.84,"PSM",4.5,72.2816666666667,158.5,650,3804
2015-04-24,"DSCR",39.86,-75.84,"PSM",4.04166666666667,64.7604166666667,309.666666666667,979,7432
2015-04-25,"DSCR",39.86,-75.84,"PSM",5.33333333333333,70.3433333333333,232.083333333333,830,5570
2015-04-26,"DSCR",39.86,-75.84,"PSM",8.33333333333333,74.865,275.208333333333,961,6605
2015-04-27,"DSCR",39.86,-75.84,"PSM",7.66666666666667,75.2333333333333,177.083333333333,774,4250
2015-04-28,"DSCR",39.86,-75.84,"PSM",10.7916666666667,77.58625,288.625,954,6927
2015-04-29,"DSCR",39.86,-75.84,"PSM",14,73.07875,322,946,7728
2015-04-30,"DSCR",39.86,-75.84,"PSM",11.6666666666667,86.27375,271.083333333333,854,6506
2015-05-01,"DSCR",39.86,-75.84,"PSM",9.95833333333333,84.715,185.083333333333,663,4442
2015-05-02,"DSCR",39.86,-75.84,"PSM",13.625,75.2179166666667,275.208333333333,947,6605
2015-05-03,"DSCR",39.86,-75.84,"PSM",16.0416666666667,72.6391666666667,323.833333333333,957,7772
2015-05-04,"DSCR",39.86,-75.84,"PSM",17.625,76.34875,320.625,942,7695
2015-05-05,"DSCR",39.86,-75.84,"PSM",19,86.1025,215.208333333333,893,5165
2015-05-06,"DSCR",39.86,-75.84,"PSM",16.9166666666667,85.82,202.166666666667,888,4852
2015-05-07,"DSCR",39.86,-75.84,"PSM",17.0833333333333,82.2720833333333,283.791666666667,927,6811
2015-05-08,"DSCR",39.86,-75.84,"PSM",17.7916666666667,83.6891666666667,276.833333333333,787,6644
2015-05-09,"DSCR",39.86,-75.84,"PSM",18,86.3716666666667,164.75,670,3954
2015-05-10,"DSCR",39.86,-75.84,"PSM",19.8333333333333,86.98375,233.5,863,5604
2015-05-11,"DSCR",39.86,-75.84,"PSM",20.375,89.02,182.791666666667,911,4387
2015-05-12,"DSCR",39.86,-75.84,"PSM",20.4583333333333,80.1795833333333,258.541666666667,951,6205
2015-05-13,"DSCR",39.86,-75.84,"PSM",13.4166666666667,68.8479166666667,226.833333333333,795,5444
2015-05-14,"DSCR",39.86,-75.84,"PSM",12.6666666666667,66.4783333333333,339.833333333333,997,8156
2015-05-15,"DSCR",39.86,-75.84,"PSM",15.0833333333333,78.6075,300.708333333333,963,7217
2015-05-16,"DSCR",39.86,-75.84,"PSM",19.6666666666667,87.3708333333333,234.75,784,5634
2015-05-17,"DSCR",39.86,-75.84,"PSM",20.7083333333333,90.4354166666667,214.541666666667,687,5149
2015-05-18,"DSCR",39.86,-75.84,"PSM",21.2083333333333,89.28875,212.541666666667,844,5101
2015-05-19,"DSCR",39.86,-75.84,"PSM",19.9166666666667,86.1329166666667,198.041666666667,920,4753
2015-05-20,"DSCR",39.86,-75.84,"PSM",13.25,68.9991666666667,296.583333333333,864,7118
2015-05-21,"DSCR",39.86,-75.84,"PSM",10.5416666666667,78.7495833333333,60.9166666666667,201,1462
2015-05-22,"DSCR",39.86,-75.84,"PSM",13.9166666666667,69.70875,340.791666666667,979,8179
2015-05-23,"DSCR",39.86,-75.84,"PSM",11.7916666666667,59.355,364.541666666667,1030,8749
2015-05-24,"DSCR",39.86,-75.84,"PSM",16.125,74.6216666666667,344.791666666667,975,8275
2015-05-25,"DSCR",39.86,-75.84,"PSM",19.75,79.05625,330.75,949,7938
2015-05-26,"DSCR",39.86,-75.84,"PSM",20.5833333333333,83.6858333333333,326.791666666667,945,7843
2015-05-27,"DSCR",39.86,-75.84,"PSM",22.4166666666667,86.52875,190.625,713,4575
2015-05-28,"DSCR",39.86,-75.84,"PSM",22.7916666666667,81.2054166666667,266.166666666667,929,6388
2015-05-29,"DSCR",39.86,-75.84,"PSM",21.6666666666667,76.9041666666667,318.5,943,7644
2015-05-30,"DSCR",39.86,-75.84,"PSM",22.3333333333333,80.90375,320,939,7680
2015-05-31,"DSCR",39.86,-75.84,"PSM",23.25,80.7083333333333,305.333333333333,946,7328
2015-06-01,"DSCR",39.86,-75.84,"PSM",21.0833333333333,91.0216666666667,141.166666666667,718,3388
2015-06-02,"DSCR",39.86,-75.84,"PSM",12.9583333333333,95.2733333333333,102.75,312,2466
2015-06-03,"DSCR",39.86,-75.84,"PSM",14.0833333333333,88.5516666666667,196.75,611,4722
2015-06-04,"DSCR",39.86,-75.84,"PSM",14.5416666666667,88.7675,140.916666666667,474,3382
2015-06-05,"DSCR",39.86,-75.84,"PSM",17.0416666666667,87.6441666666667,187.5,695,4500
2015-06-06,"DSCR",39.86,-75.84,"PSM",18.2916666666667,86.65375,264.208333333333,811,6341
2015-06-07,"DSCR",39.86,-75.84,"PSM",17.75,82.65875,301.916666666667,974,7246
2015-06-08,"DSCR",39.86,-75.84,"PSM",20.6666666666667,85.5770833333333,318.666666666667,943,7648
2015-06-09,"DSCR",39.86,-75.84,"PSM",21.2083333333333,84.8575,285.083333333333,959,6842
2015-06-10,"DSCR",39.86,-75.84,"PSM",20.5833333333333,80.0216666666667,327.25,938,7854
2015-06-11,"DSCR",39.86,-75.84,"PSM",22.6666666666667,85.40875,296.5,829,7116
2015-06-12,"DSCR",39.86,-75.84,"PSM",24.75,85.6191666666667,296,900,7104
2015-06-13,"DSCR",39.86,-75.84,"PSM",23.8333333333333,80.6620833333333,247.416666666667,776,5938
2015-06-14,"DSCR",39.86,-75.84,"PSM",24.1666666666667,84.2966666666667,276.5,930,6636
2015-06-15,"DSCR",39.86,-75.84,"PSM",24.1666666666667,90.8366666666667,243.25,750,5838
2015-06-16,"DSCR",39.86,-75.84,"PSM",24.375,86.6795833333333,241.875,879,5805
2015-06-17,"DSCR",39.86,-75.84,"PSM",21.5833333333333,79.8116666666667,301.916666666667,967,7246
2015-06-18,"DSCR",39.86,-75.84,"PSM",21.7083333333333,92.2325,110.416666666667,408,2650
2015-06-19,"DSCR",39.86,-75.84,"PSM",23,87.535,268.75,790,6450
2015-06-20,"DSCR",39.86,-75.84,"PSM",22.5416666666667,88.56375,208.083333333333,743,4994
2015-06-21,"DSCR",39.86,-75.84,"PSM",24.3333333333333,85.66125,273.458333333333,894,6563
2015-06-22,"DSCR",39.86,-75.84,"PSM",23.7083333333333,78.5358333333333,330.458333333333,969,7931
2015-06-23,"DSCR",39.86,-75.84,"PSM",24.5416666666667,90.295,239.25,811,5742
2015-06-24,"DSCR",39.86,-75.84,"PSM",20.5833333333333,78.1004166666667,358.958333333333,999,8615
2015-06-25,"DSCR",39.86,-75.84,"PSM",20.875,79.0704166666667,201.208333333333,740,4829
2015-06-26,"DSCR",39.86,-75.84,"PSM",20.4583333333333,83.9870833333333,263.541666666667,793,6325
2015-06-27,"DSCR",39.86,-75.84,"PSM",18.2083333333333,97.1933333333333,77.8333333333333,398,1868
2015-06-28,"DSCR",39.86,-75.84,"PSM",20.0833333333333,84.4416666666667,211.166666666667,763,5068
2015-06-29,"DSCR",39.86,-75.84,"PSM",18.5833333333333,79.3470833333333,325.208333333333,981,7805
2015-06-30,"DSCR",39.86,-75.84,"PSM",21.625,90.3075,204.958333333333,814,4919
2015-07-01,"DSCR",39.86,-75.84,"PSM",21.5833333333333,86.6908333333333,312.833333333333,926,7508
2015-07-02,"DSCR",39.86,-75.84,"PSM",20.0416666666667,86.69875,125.041666666667,482,3001
2015-07-03,"DSCR",39.86,-75.84,"PSM",19.7916666666667,85.55125,291.125,875,6987
2015-07-04,"DSCR",39.86,-75.84,"PSM",19.7916666666667,87.8866666666667,126.833333333333,652,3044
2015-07-05,"DSCR",39.86,-75.84,"PSM",21.25,84.0704166666667,270.208333333333,807,6485
2015-07-06,"DSCR",39.86,-75.84,"PSM",22.7916666666667,89.8125,228.625,815,5487
2015-07-07,"DSCR",39.86,-75.84,"PSM",24.125,86.62375,295.375,918,7089
2015-07-08,"DSCR",39.86,-75.84,"PSM",24.375,89.80125,214.708333333333,708,5153
2015-07-09,"DSCR",39.86,-75.84,"PSM",23.75,89.3116666666667,236.25,750,5670
2015-07-10,"DSCR",39.86,-75.84,"PSM",21.625,81.30625,327.375,948,7857
2015-07-11,"DSCR",39.86,-75.84,"PSM",22.4166666666667,73.9608333333333,343.166666666667,961,8236
2015-07-12,"DSCR",39.86,-75.84,"PSM",22.75,75.21625,295.75,828,7098
2015-07-13,"DSCR",39.86,-75.84,"PSM",21.875,82.32375,269.041666666667,887,6457
2015-07-14,"DSCR",39.86,-75.84,"PSM",23.4166666666667,87.8604166666667,244.75,755,5874
2015-07-15,"DSCR",39.86,-75.84,"PSM",21.625,94.8616666666667,187.958333333333,717,4511
2015-07-16,"DSCR",39.86,-75.84,"PSM",18.7916666666667,72.6475,352.208333333333,989,8453
2015-07-17,"DSCR",39.86,-75.84,"PSM",20.625,82.5304166666667,231.708333333333,771,5561
2015-07-18,"DSCR",39.86,-75.84,"PSM",23.5833333333333,93.3404166666667,235.208333333333,880,5645
2015-07-19,"DSCR",39.86,-75.84,"PSM",26,81.72,318.958333333333,928,7655
2015-07-20,"DSCR",39.86,-75.84,"PSM",26.4166666666667,80.0679166666667,300.166666666667,937,7204
2015-07-21,"DSCR",39.86,-75.84,"PSM",25.4166666666667,77.8633333333333,176.333333333333,651,4232
2015-07-22,"DSCR",39.86,-75.84,"PSM",21.4166666666667,69.04625,335.166666666667,983,8044
2015-07-23,"DSCR",39.86,-75.84,"PSM",20.7916666666667,65.8954166666667,301,891,7224
2015-07-24,"DSCR",39.86,-75.84,"PSM",21.875,60.1016666666667,342,972,8208
2015-07-25,"DSCR",39.86,-75.84,"PSM",23.0416666666667,60.7895833333333,325.916666666667,951,7822
2015-07-26,"DSCR",39.86,-75.84,"PSM",23.7083333333333,76.6183333333333,297,895,7128
2015-07-27,"DSCR",39.86,-75.84,"PSM",24,82.445,170.291666666667,605,4087
2015-07-28,"DSCR",39.86,-75.84,"PSM",25.5833333333333,71.3029166666667,311.208333333333,919,7469
2015-07-29,"DSCR",39.86,-75.84,"PSM",25.7083333333333,74.83875,287.916666666667,820,6910
2015-07-30,"DSCR",39.86,-75.84,"PSM",24.875,87.1745833333333,179.083333333333,704,4298
2015-07-31,"DSCR",39.86,-75.84,"PSM",23.75,63.36,335.375,965,8049
2015-08-01,"DSCR",39.86,-75.84,"PSM",23.625,63.8141666666667,313.958333333333,936,7535
2015-08-02,"DSCR",39.86,-75.84,"PSM",23.25,59.43125,313.208333333333,900,7517
2015-08-03,"DSCR",39.86,-75.84,"PSM",24.2083333333333,65.41125,304.541666666667,931,7309
2015-08-04,"DSCR",39.86,-75.84,"PSM",24.4166666666667,68.145,316.75,934,7602
2015-08-05,"DSCR",39.86,-75.84,"PSM",23.2083333333333,55.75125,283.416666666667,890,6802
2015-08-06,"DSCR",39.86,-75.84,"PSM",21.7083333333333,62.8720833333333,224,847,5376
2015-08-07,"DSCR",39.86,-75.84,"PSM",21.7083333333333,69.04125,291.375,918,6993
2015-08-08,"DSCR",39.86,-75.84,"PSM",22.375,64.7170833333333,288.291666666667,908,6919
2015-08-09,"DSCR",39.86,-75.84,"PSM",23.2916666666667,67.5333333333333,239.625,756,5751
2015-08-10,"DSCR",39.86,-75.84,"PSM",21.5833333333333,83.0966666666667,78.375,370,1881
2015-08-11,"DSCR",39.86,-75.84,"PSM",22.875,86.8154166666667,143.125,599,3435
2015-08-12,"DSCR",39.86,-75.84,"PSM",22.125,69.4616666666667,307.25,931,7374
2015-08-13,"DSCR",39.86,-75.84,"PSM",21.6666666666667,61.3691666666667,311.083333333333,944,7466
2015-08-14,"DSCR",39.86,-75.84,"PSM",23.2083333333333,57.0466666666667,297.291666666667,913,7135
2015-08-15,"DSCR",39.86,-75.84,"PSM",24.25,60.8370833333333,300.166666666667,903,7204
2015-08-16,"DSCR",39.86,-75.84,"PSM",24.7916666666667,59.6083333333333,294.625,894,7071
2015-08-17,"DSCR",39.86,-75.84,"PSM",25.8333333333333,62.1416666666667,284.958333333333,871,6839
2015-08-18,"DSCR",39.86,-75.84,"PSM",25.2083333333333,71.455,275.75,820,6618
2015-08-19,"DSCR",39.86,-75.84,"PSM",25.9166666666667,76.0541666666667,224.791666666667,720,5395
2015-08-20,"DSCR",39.86,-75.84,"PSM",24.5,90.3820833333333,124.916666666667,658,2998
2015-08-21,"DSCR",39.86,-75.84,"PSM",22.75,67.4904166666667,278.625,904,6687
2015-08-22,"DSCR",39.86,-75.84,"PSM",20.75,61.0654166666667,308.208333333333,931,7397
2015-08-23,"DSCR",39.86,-75.84,"PSM",20.6666666666667,58.2575,260.958333333333,828,6263
2015-08-24,"DSCR",39.86,-75.84,"PSM",23.25,72.7708333333333,266.625,857,6399
2015-08-25,"DSCR",39.86,-75.84,"PSM",22.625,64.85625,293.125,903,7035
2015-08-26,"DSCR",39.86,-75.84,"PSM",19.75,61.24875,289.416666666667,884,6946
2015-08-27,"DSCR",39.86,-75.84,"PSM",19.8333333333333,64.8975,228.375,890,5481
2015-08-28,"DSCR",39.86,-75.84,"PSM",20.7083333333333,62.3141666666667,269.083333333333,896,6458
2015-08-29,"DSCR",39.86,-75.84,"PSM",22.5833333333333,66.0925,261,857,6264
2015-08-30,"DSCR",39.86,-75.84,"PSM",23.9166666666667,69.2433333333333,244.625,739,5871
2015-08-31,"DSCR",39.86,-75.84,"PSM",24.875,69.5783333333333,204.916666666667,679,4918
2015-09-01,"DSCR",39.86,-75.84,"PSM",25.375,66.01625,256.958333333333,823,6167
2015-09-02,"DSCR",39.86,-75.84,"PSM",25.7083333333333,64.565,230.833333333333,805,5540
2015-09-03,"DSCR",39.86,-75.84,"PSM",26.7083333333333,61.55125,241.541666666667,801,5797
2015-09-04,"DSCR",39.86,-75.84,"PSM",25.2083333333333,70.9170833333333,191.166666666667,791,4588
2015-09-05,"DSCR",39.86,-75.84,"PSM",22.7916666666667,70.38625,230.666666666667,839,5536
2015-09-06,"DSCR",39.86,-75.84,"PSM",21.7083333333333,64.0320833333333,259.166666666667,850,6220
2015-09-07,"DSCR",39.86,-75.84,"PSM",23.625,66.4116666666667,264.958333333333,836,6359
2015-09-08,"DSCR",39.86,-75.84,"PSM",25.2083333333333,68.4895833333333,263.833333333333,835,6332
2015-09-09,"DSCR",39.86,-75.84,"PSM",26.7083333333333,71.495,220.958333333333,805,5303
2015-09-10,"DSCR",39.86,-75.84,"PSM",22.2916666666667,94.6195833333333,49.3333333333333,264,1184
2015-09-11,"DSCR",39.86,-75.84,"PSM",21.125,72.34,214.291666666667,765,5143
2015-09-12,"DSCR",39.86,-75.84,"PSM",19.2916666666667,89.4625,76.0833333333333,345,1826
2015-09-13,"DSCR",39.86,-75.84,"PSM",16,80.4983333333333,130.458333333333,478,3131
2015-09-14,"DSCR",39.86,-75.84,"PSM",15.625,67.3033333333333,265.25,851,6366
2015-09-15,"DSCR",39.86,-75.84,"PSM",18.2916666666667,62.8166666666667,260.583333333333,836,6254
2015-09-16,"DSCR",39.86,-75.84,"PSM",20.2083333333333,55.5566666666667,258.666666666667,833,6208
2015-09-17,"DSCR",39.86,-75.84,"PSM",20.1666666666667,62.8125,252.791666666667,820,6067
2015-09-18,"DSCR",39.86,-75.84,"PSM",20.4166666666667,72.9379166666667,249.208333333333,811,5981
2015-09-19,"DSCR",39.86,-75.84,"PSM",21.125,75.3841666666667,210.666666666667,791,5056
2015-09-20,"DSCR",39.86,-75.84,"PSM",19.1666666666667,67.2583333333333,211.875,774,5085
2015-09-21,"DSCR",39.86,-75.84,"PSM",15.8333333333333,63.8216666666667,121.125,573,2907
2015-09-22,"DSCR",39.86,-75.84,"PSM",16.2916666666667,74.7354166666667,132.708333333333,613,3185
2015-09-23,"DSCR",39.86,-75.84,"PSM",18.3333333333333,61.795,242.291666666667,802,5815
2015-09-24,"DSCR",39.86,-75.84,"PSM",17.875,66.1708333333333,208.958333333333,659,5015
2015-09-25,"DSCR",39.86,-75.84,"PSM",17.5833333333333,72.9833333333333,197.458333333333,777,4739
2015-09-26,"DSCR",39.86,-75.84,"PSM",15.6666666666667,77.0054166666667,151.833333333333,556,3644
2015-09-27,"DSCR",39.86,-75.84,"PSM",15.3333333333333,84.97,133.791666666667,534,3211
2015-09-28,"DSCR",39.86,-75.84,"PSM",18.9166666666667,84.6270833333333,130.166666666667,537,3124
2015-09-29,"DSCR",39.86,-75.84,"PSM",21.25,91.8154166666667,103.75,496,2490
2015-09-30,"DSCR",39.86,-75.84,"PSM",20.0833333333333,93.1866666666667,69.625,362,1671
2015-10-01,"DSCR",39.86,-75.84,"PSM",12.5833333333333,87.4808333333333,40.9583333333333,233,983
2015-10-02,"DSCR",39.86,-75.84,"PSM",9.29166666666667,93.6645833333333,46.1666666666667,168,1108
2015-10-03,"DSCR",39.86,-75.84,"PSM",9.625,92.9425,62.9583333333333,293,1511
2015-10-04,"DSCR",39.86,-75.84,"PSM",11.625,81.8091666666667,93.2083333333333,297,2237
2015-10-05,"DSCR",39.86,-75.84,"PSM",11.75,79.8745833333333,199.541666666667,732,4789
2015-10-06,"DSCR",39.86,-75.84,"PSM",14.2916666666667,79.30375,206.541666666667,714,4957
2015-10-07,"DSCR",39.86,-75.84,"PSM",16.0416666666667,83.21875,169.541666666667,699,4069
2015-10-08,"DSCR",39.86,-75.84,"PSM",15.75,84.5825,171.75,692,4122
2015-10-09,"DSCR",39.86,-75.84,"PSM",17.5416666666667,90.6841666666667,125.125,538,3003
2015-10-10,"DSCR",39.86,-75.84,"PSM",11.25,76.82875,200.791666666667,738,4819
2015-10-11,"DSCR",39.86,-75.84,"PSM",11.0416666666667,80.7770833333333,194.166666666667,707,4660
2015-10-12,"DSCR",39.86,-75.84,"PSM",13.0833333333333,82.2629166666667,200.541666666667,709,4813
2015-10-13,"DSCR",39.86,-75.84,"PSM",15.5,89.4629166666667,124.791666666667,640,2995
2015-10-14,"DSCR",39.86,-75.84,"PSM",12.4583333333333,80.59875,108.875,513,2613
2015-10-15,"DSCR",39.86,-75.84,"PSM",10.375,79.0616666666667,195.75,700,4698
2015-10-16,"DSCR",39.86,-75.84,"PSM",10.3333333333333,77.335,194,695,4656
2015-10-17,"DSCR",39.86,-75.84,"PSM",6.66666666666667,70.7283333333333,128.25,640,3078
2015-10-18,"DSCR",39.86,-75.84,"PSM",3.375,76.7833333333333,143,533,3432
2015-10-19,"DSCR",39.86,-75.84,"PSM",4.54166666666667,69.6983333333333,187.708333333333,679,4505
2015-10-20,"DSCR",39.86,-75.84,"PSM",10.2916666666667,78.4220833333333,150.666666666667,645,3616
2015-10-21,"DSCR",39.86,-75.84,"PSM",11.9583333333333,80.1179166666667,154.75,555,3714
2015-10-22,"DSCR",39.86,-75.84,"PSM",13.875,79.30875,158,636,3792
2015-10-23,"DSCR",39.86,-75.84,"PSM",10.2083333333333,72.1520833333333,183.458333333333,674,4403
2015-10-24,"DSCR",39.86,-75.84,"PSM",8.54166666666667,77.77,109.125,581,2619
2015-10-25,"DSCR",39.86,-75.84,"PSM",11.875,83.4308333333333,109.25,456,2622
2015-10-26,"DSCR",39.86,-75.84,"PSM",8,68.4429166666667,155.708333333333,648,3737
2015-10-27,"DSCR",39.86,-75.84,"PSM",7.625,83.66625,101.083333333333,403,2426
2015-10-28,"DSCR",39.86,-75.84,"PSM",15.125,99.355,23.6666666666667,148,568
2015-10-29,"DSCR",39.86,-75.84,"PSM",14.5416666666667,83.4954166666667,132.375,521,3177
2015-10-30,"DSCR",39.86,-75.84,"PSM",7.29166666666667,78.8333333333333,149.875,571,3597
2015-10-31,"DSCR",39.86,-75.84,"PSM",6.04166666666667,80.63,138.208333333333,607,3317
2015-11-01,"DSCR",39.86,-75.84,"PSM",11.4166666666667,92.525,67.375,420,1617
2015-11-02,"DSCR",39.86,-75.84,"PSM",11.2083333333333,84.5004166666667,80.375,373,1929
2015-11-03,"DSCR",39.86,-75.84,"PSM",12.2916666666667,74.9754166666667,153.625,588,3687
2015-11-04,"DSCR",39.86,-75.84,"PSM",13,79.095,151,581,3624
2015-11-05,"DSCR",39.86,-75.84,"PSM",14.6666666666667,95.3979166666667,72.2083333333333,351,1733
2015-11-06,"DSCR",39.86,-75.84,"PSM",17.375,94.9608333333333,72.7916666666667,276,1747
2015-11-07,"DSCR",39.86,-75.84,"PSM",12.2083333333333,83.23125,31.7083333333333,167,761
2015-11-08,"DSCR",39.86,-75.84,"PSM",7.125,70.3625,151.375,587,3633
2015-11-09,"DSCR",39.86,-75.84,"PSM",7.5,78.9216666666667,114.125,525,2739
2015-11-10,"DSCR",39.86,-75.84,"PSM",11.9166666666667,98.0525,27.625,174,663
2015-11-11,"DSCR",39.86,-75.84,"PSM",11.5416666666667,91.6875,51.6666666666667,245,1240
2015-11-12,"DSCR",39.86,-75.84,"PSM",10.6666666666667,94.98875,43.8333333333333,306,1052
2015-11-13,"DSCR",39.86,-75.84,"PSM",8.04166666666667,63.2266666666667,142.083333333333,558,3410
2015-11-14,"DSCR",39.86,-75.84,"PSM",4.16666666666667,70.9116666666667,107.916666666667,474,2590
2015-11-15,"DSCR",39.86,-75.84,"PSM",6.25,77.2516666666667,134.041666666667,535,3217
2015-11-16,"DSCR",39.86,-75.84,"PSM",9.04166666666667,78.5333333333333,135.458333333333,541,3251
2015-11-17,"DSCR",39.86,-75.84,"PSM",6.45833333333333,80.1770833333333,114.166666666667,480,2740
2015-11-18,"DSCR",39.86,-75.84,"PSM",9.45833333333333,93.0875,47.1666666666667,211,1132
2015-11-19,"DSCR",39.86,-75.84,"PSM",13.1666666666667,99.5345833333333,26.6666666666667,164,640
2015-11-20,"DSCR",39.86,-75.84,"PSM",5.5,72.8704166666667,135.291666666667,541,3247
2015-11-21,"DSCR",39.86,-75.84,"PSM",4.66666666666667,77.7629166666667,127.125,522,3051
2015-11-22,"DSCR",39.86,-75.84,"PSM",3.54166666666667,79.8733333333333,76.4166666666667,331,1834
2015-11-23,"DSCR",39.86,-75.84,"PSM",-0.5,67.6641666666667,130.083333333333,527,3122
2015-11-24,"DSCR",39.86,-75.84,"PSM",1.70833333333333,72.54875,114.958333333333,500,2759
2015-11-25,"DSCR",39.86,-75.84,"PSM",2.41666666666667,79.9245833333333,121.833333333333,499,2924
2015-11-26,"DSCR",39.86,-75.84,"PSM",5.54166666666667,92.4933333333333,117.75,491,2826
2015-11-27,"DSCR",39.86,-75.84,"PSM",8.70833333333333,93.5183333333333,97.375,436,2337
2015-11-28,"DSCR",39.86,-75.84,"PSM",9.66666666666667,97.40875,39.5416666666667,301,949
2015-11-29,"DSCR",39.86,-75.84,"PSM",3.875,83.1966666666667,55.0833333333333,291,1322
2015-11-30,"DSCR",39.86,-75.84,"PSM",2.58333333333333,86.7445833333333,49.375,280,1185
2015-12-01,"DSCR",39.86,-75.84,"PSM",7.54166666666667,99.7033333333333,20.2916666666667,102,487
2015-12-02,"DSCR",39.86,-75.84,"PSM",9.08333333333333,99.6245833333333,21.7083333333333,137,521
2015-12-03,"DSCR",39.86,-75.84,"PSM",4.16666666666667,84.3029166666667,115.083333333333,486,2762
2015-12-04,"DSCR",39.86,-75.84,"PSM",2.75,88.0670833333333,116.958333333333,488,2807
2015-12-05,"DSCR",39.86,-75.84,"PSM",3.20833333333333,83.1304166666667,113.958333333333,476,2735
2015-12-06,"DSCR",39.86,-75.84,"PSM",3.125,85.63625,110.541666666667,482,2653
2015-12-07,"DSCR",39.86,-75.84,"PSM",3.66666666666667,88.1383333333333,107.458333333333,473,2579
2015-12-08,"DSCR",39.86,-75.84,"PSM",2.54166666666667,84.275,105.166666666667,478,2524
2015-12-09,"DSCR",39.86,-75.84,"PSM",5.125,91.8033333333333,74.2916666666667,378,1783
2015-12-10,"DSCR",39.86,-75.84,"PSM",7.70833333333333,92.4558333333333,105.416666666667,451,2530
2015-12-11,"DSCR",39.86,-75.84,"PSM",8.16666666666667,96.1191666666667,69,394,1656
2015-12-12,"DSCR",39.86,-75.84,"PSM",11.125,93.5554166666667,72.3333333333333,355,1736
2015-12-13,"DSCR",39.86,-75.84,"PSM",12.8333333333333,97.1558333333333,69.75,383,1674
2015-12-14,"DSCR",39.86,-75.84,"PSM",13.7083333333333,98.5233333333333,41.25,277,990
2015-12-15,"DSCR",39.86,-75.84,"PSM",9.66666666666667,82.9825,63.875,395,1533
2015-12-16,"DSCR",39.86,-75.84,"PSM",6.20833333333333,88.8933333333333,29.0833333333333,145,698
2015-12-17,"DSCR",39.86,-75.84,"PSM",8.08333333333333,99.8433333333333,8.70833333333333,69,209
2015-12-18,"DSCR",39.86,-75.84,"PSM",3.54166666666667,80.7445833333333,51.2916666666667,238,1231
2015-12-19,"DSCR",39.86,-75.84,"PSM",-0.125,63.0304166666667,90.7916666666667,408,2179
2015-12-20,"DSCR",39.86,-75.84,"PSM",-0.541666666666667,72.6954166666667,104.083333333333,459,2498
2015-12-21,"DSCR",39.86,-75.84,"PSM",4.875,88.0683333333333,65.4166666666667,368,1570
2015-12-22,"DSCR",39.86,-75.84,"PSM",9.33333333333333,99.7620833333333,18.1666666666667,89,436
2015-12-23,"DSCR",39.86,-75.84,"PSM",12.0833333333333,99.795,9.625,52,231
2015-12-24,"DSCR",39.86,-75.84,"PSM",15.9583333333333,95.8341666666667,33.5416666666667,181,805
2015-12-25,"DSCR",39.86,-75.84,"PSM",12.9583333333333,98.2279166666667,41.9166666666667,272,1006
2015-12-26,"DSCR",39.86,-75.84,"PSM",8.79166666666667,90.7479166666667,19,94,456
2015-12-27,"DSCR",39.86,-75.84,"PSM",11.0833333333333,96.0866666666667,41.5,199,996
2015-12-28,"DSCR",39.86,-75.84,"PSM",3,77.8108333333333,42.5833333333333,239,1022
2015-12-29,"DSCR",39.86,-75.84,"PSM",7.08333333333333,98.4033333333333,55.4166666666667,365,1330
2015-12-30,"DSCR",39.86,-75.84,"PSM",6.58333333333333,98.4075,30.75,171,738
2015-12-31,"DSCR",39.86,-75.84,"PSM",3.83333333333333,83.4345833333333,77.0416666666667,353,1849
