"Hour","Temp_degC","Relative_humidity_%","Solar_radiation_wattsperm2","Rainfall_mm","Date"
"0","-16.1","38","0","0.0",2015-02-20
"1","-16.7","43","0","0.0",2015-02-20
"2","-17.2","42","0","0.0",2015-02-20
"3","-17.5","42","0","0.0",2015-02-20
"4","-17.8","44","0","0.0",2015-02-20
"5","-18.1","45","0","0.0",2015-02-20
"6","-18.3","46","2","0.0",2015-02-20
"7","-18.1","45","78","0.0",2015-02-20
"8","-17.2","43","254","0.0",2015-02-20
"9","-16.1","41","415","0.0",2015-02-20
"10","-14.9","39","537","0.0",2015-02-20
"11","-13.6","37","614","0.0",2015-02-20
"12","-12.2","36","634","0.0",2015-02-20
"13","-11.5","36","594","0.0",2015-02-20
"14","-10.6","35","498","0.0",2015-02-20
"15","-10.2","35","354","0.0",2015-02-20
"16","-10.1","34","183","0.0",2015-02-20
"17","-10.4","35","29","0.0",2015-02-20
"18","-11.1","39","0","0.0",2015-02-20
"19","-12.1","44","0","0.0",2015-02-20
"20","-14.0","58","0","0.0",2015-02-20
"21","-14.8","62","0","0.0",2015-02-20
"22","-15.3","64","0","0.0",2015-02-20
"23","-15.9","68","0","0.0",2015-02-20
"0","-8.3","40","0","0.0",2015-02-19
"1","-9.4","45","0","0.0",2015-02-19
"2","-10.2","46","0","0.0",2015-02-19
"3","-11.0","48","0","0.0",2015-02-19
"4","-11.5","53","0","0.0",2015-02-19
"5","-11.9","58","0","0.0",2015-02-19
"6","-12.2","61","2","0.0",2015-02-19
"7","-12.0","61","58","0.0",2015-02-19
"8","-11.3","58","233","0.0",2015-02-19
"9","-10.4","51","355","0.3",2015-02-19
"10","-9.7","43","518","0.0",2015-02-19
"11","-9.4","37","595","0.0",2015-02-19
"12","-9.0","35","586","0.0",2015-02-19
"13","-9.2","35","576","0.0",2015-02-19
"14","-9.5","34","469","0.0",2015-02-19
"15","-10.1","35","237","0.0",2015-02-19
"16","-10.5","37","93","0.0",2015-02-19
"17","-11.2","39","24","0.0",2015-02-19
"18","-12.1","44","0","0.0",2015-02-19
"19","-12.6","37","0","0.0",2015-02-19
"20","-13.1","34","0","0.0",2015-02-19
"21","-13.7","31","0","0.0",2015-02-19
"22","-14.5","34","0","0.0",2015-02-19
"23","-15.2","40","0","0.0",2015-02-19
"0","-12.8","86","0","0.0",2015-02-18
"1","-13.0","89","0","0.0",2015-02-18
"2","-14.0","89","0","0.0",2015-02-18
"3","-14.0","90","0","0.0",2015-02-18
"4","-14.2","89","0","0.0",2015-02-18
"5","-14.7","88","0","0.0",2015-02-18
"6","-14.8","89","1","0.0",2015-02-18
"7","-13.7","89","75","0.0",2015-02-18
"8","-7.8","62","256","0.0",2015-02-18
"9","-5.2","40","403","0.0",2015-02-18
"10","-3.9","38","554","0.0",2015-02-18
"11","-2.7","34","636","0.0",2015-02-18
"12","-1.1","33","651","0.0",2015-02-18
"13","-1.0","34","609","0.0",2015-02-18
"14","-1.0","35","465","0.0",2015-02-18
"15","-1.9","40","212","0.0",2015-02-18
"16","-2.7","44","71","0.0",2015-02-18
"17","-3.1","47","18","0.0",2015-02-18
"18","-3.7","49","0","0.0",2015-02-18
"19","-4.4","52","0","0.0",2015-02-18
"20","-4.9","53","0","0.0",2015-02-18
"21","-5.6","75","0","0.0",2015-02-18
"22","-6.2","62","0","0.0",2015-02-18
"23","-7.1","36","0","0.0",2015-02-18
"0","-12.2","88","0","0.0",2015-02-17
"1","-12.3","91","0","0.0",2015-02-17
"2","-12.3","92","0","0.0",2015-02-17
"3","-12.4","92","0","0.0",2015-02-17
"4","-12.3","92","0","0.0",2015-02-17
"5","-12.1","92","0","0.0",2015-02-17
"6","-11.8","91","0","0.0",2015-02-17
"7","-11.5","91","16","0.0",2015-02-17
"8","-10.9","88","59","0.0",2015-02-17
"9","-10.1","85","127","0.0",2015-02-17
"10","-8.8","79","222","1.0",2015-02-17
"11","-6.8","72","414","2.5",2015-02-17
"12","-5.7","66","618","0.0",2015-02-17
"13","-5.2","62","425","0.0",2015-02-17
"14","-4.2","57","512","0.0",2015-02-17
"15","-4.4","55","363","0.0",2015-02-17
"16","-4.9","54","175","0.0",2015-02-17
"17","-5.7","57","25","0.0",2015-02-17
"18","-6.6","63","0","0.0",2015-02-17
"19","-7.5","65","0","0.0",2015-02-17
"20","-7.8","67","0","0.0",2015-02-17
"21","-8.4","70","0","0.0",2015-02-17
"22","-9.5","73","0","0.0",2015-02-17
"23","-11.2","79","0","0.0",2015-02-17
"0","-15.8","44","0","0.0",2015-02-16
"1","-16.8","47","0","0.0",2015-02-16
"2","-17.3","50","0","0.0",2015-02-16
"3","-17.7","51","0","0.0",2015-02-16
"4","-17.9","53","0","0.0",2015-02-16
"5","-18.1","55","0","0.0",2015-02-16
"6","-18.4","57","2","0.0",2015-02-16
"7","-18.2","58","60","0.0",2015-02-16
"8","-17.1","56","188","0.0",2015-02-16
"9","-15.8","53","264","0.0",2015-02-16
"10","-14.4","50","344","0.0",2015-02-16
"11","-13.5","47","373","0.0",2015-02-16
"12","-12.6","46","395","0.0",2015-02-16
"13","-12.2","47","320","0.0",2015-02-16
"14","-11.7","46","223","0.0",2015-02-16
"15","-11.5","46","142","0.0",2015-02-16
"16","-11.2","46","55","0.0",2015-02-16
"17","-11.1","48","6","0.0",2015-02-16
"18","-11.2","49","0","0.0",2015-02-16
"19","-11.3","48","0","0.0",2015-02-16
"20","-11.2","49","0","0.0",2015-02-16
"21","-11.2","50","0","0.0",2015-02-16
"22","-11.7","72","0","0.0",2015-02-16
"23","-12.0","81","0","0.0",2015-02-16
"0","-11.2","85","0","0.0",2015-02-15
"1","-12.3","74","0","0.0",2015-02-15
"2","-12.8","59","0","0.0",2015-02-15
"3","-13.6","55","0","0.0",2015-02-15
"4","-14.2","52","0","0.0",2015-02-15
"5","-14.7","54","0","0.0",2015-02-15
"6","-15.1","56","1","0.0",2015-02-15
"7","-15.4","55","57","0.0",2015-02-15
"8","-15.2","52","219","0.0",2015-02-15
"9","-14.7","51","380","0.0",2015-02-15
"10","-14.1","50","508","0.0",2015-02-15
"11","-13.3","50","587","0.0",2015-02-15
"12","-12.7","48","609","0.0",2015-02-15
"13","-12.0","46","571","0.0",2015-02-15
"14","-11.4","44","478","0.0",2015-02-15
"15","-11.2","42","334","0.0",2015-02-15
"16","-11.2","41","159","0.0",2015-02-15
"17","-11.7","41","21","0.0",2015-02-15
"18","-12.3","42","0","0.0",2015-02-15
"19","-12.5","43","0","0.0",2015-02-15
"20","-12.7","44","0","0.0",2015-02-15
"21","-13.3","42","0","0.0",2015-02-15
"22","-14.0","40","0","0.0",2015-02-15
"23","-14.8","41","0","0.0",2015-02-15
"0","-10.3","69","0","0.0",2015-02-14
"1","-9.8","67","0","0.0",2015-02-14
"2","-10.5","72","0","0.0",2015-02-14
"3","-9.5","69","0","0.0",2015-02-14
"4","-8.2","68","0","0.0",2015-02-14
"5","-7.5","62","0","0.0",2015-02-14
"6","-7.0","61","0","0.0",2015-02-14
"7","-6.1","63","22","0.0",2015-02-14
"8","-5.5","62","60","0.0",2015-02-14
"9","-4.9","63","84","0.0",2015-02-14
"10","-4.1","61","101","0.0",2015-02-14
"11","-3.3","57","118","0.0",2015-02-14
"12","-3.1","65","95","0.0",2015-02-14
"13","-4.3","93","97","0.0",2015-02-14
"14","-3.8","94","169","0.0",2015-02-14
"15","-3.3","90","82","0.0",2015-02-14
"16","-2.9","87","66","0.0",2015-02-14
"17","-3.1","87","7","0.0",2015-02-14
"18","-3.8","90","0","0.0",2015-02-14
"19","-3.3","92","0","0.0",2015-02-14
"20","-3.2","95","0","0.0",2015-02-14
"21","-3.7","91","0","0.0",2015-02-14
"22","-5.5","85","0","0.0",2015-02-14
"23","-9.4","93","0","0.0",2015-02-14
"0","-10.4","47","0","0.0",2015-02-13
"1","-11.6","47","0","0.0",2015-02-13
"2","-12.3","51","0","0.0",2015-02-13
"3","-12.9","52","0","0.0",2015-02-13
"4","-13.4","50","0","0.0",2015-02-13
"5","-13.8","51","0","0.0",2015-02-13
"6","-14.0","51","1","0.0",2015-02-13
"7","-13.9","50","59","0.0",2015-02-13
"8","-13.1","47","231","0.0",2015-02-13
"9","-11.9","42","392","0.0",2015-02-13
"10","-10.4","38","518","0.0",2015-02-13
"11","-9.1","36","589","0.0",2015-02-13
"12","-8.2","32","610","0.0",2015-02-13
"13","-7.3","34","568","0.0",2015-02-13
"14","-7.0","34","474","0.0",2015-02-13
"15","-6.4","34","331","0.0",2015-02-13
"16","-6.7","36","155","0.0",2015-02-13
"17","-7.2","38","19","0.0",2015-02-13
"18","-7.6","41","0","0.0",2015-02-13
"19","-7.9","45","0","0.0",2015-02-13
"20","-9.2","57","0","0.0",2015-02-13
"21","-10.2","64","0","0.0",2015-02-13
"22","-10.6","69","0","0.0",2015-02-13
"23","-9.8","66","0","0.0",2015-02-13
"0","-2.3","87","0","0.0",2015-02-12
"1","-2.4","89","0","0.0",2015-02-12
"2","-2.3","89","0","0.0",2015-02-12
"3","-2.3","89","0","0.0",2015-02-12
"4","-2.2","89","0","0.0",2015-02-12
"5","-2.1","89","0","0.0",2015-02-12
"6","-1.8","89","0","0.0",2015-02-12
"7","-1.5","89","16","0.0",2015-02-12
"8","-1.0","88","69","0.0",2015-02-12
"9","0.2","83","230","0.0",2015-02-12
"10","0.7","88","284","0.0",2015-02-12
"11","2.0","76","299","0.0",2015-02-12
"12","2.3","57","182","0.0",2015-02-12
"13","2.3","42","275","0.0",2015-02-12
"14","2.7","41","377","0.0",2015-02-12
"15","1.6","43","224","0.0",2015-02-12
"16","0.9","37","165","0.0",2015-02-12
"17","-0.5","37","19","0.0",2015-02-12
"18","-1.7","40","0","0.0",2015-02-12
"19","-3.1","43","0","0.0",2015-02-12
"20","-4.6","43","0","0.0",2015-02-12
"21","-6.0","46","0","0.0",2015-02-12
"22","-7.4","48","0","0.0",2015-02-12
"23","-9.1","48","0","0.0",2015-02-12
"0","-2.5","80","0","0.0",2015-02-11
"1","-3.0","80","0","0.0",2015-02-11
"2","-3.5","81","0","0.0",2015-02-11
"3","-3.8","81","0","0.0",2015-02-11
"4","-4.1","80","0","0.0",2015-02-11
"5","-4.3","80","0","0.0",2015-02-11
"6","-4.5","79","1","0.0",2015-02-11
"7","-4.6","78","56","0.0",2015-02-11
"8","-4.0","69","231","0.0",2015-02-11
"9","-3.2","59","390","0.0",2015-02-11
"10","-2.0","49","521","0.0",2015-02-11
"11","-1.0","46","598","0.0",2015-02-11
"12","-0.0","46","617","0.0",2015-02-11
"13","1.1","42","578","0.0",2015-02-11
"14","2.2","39","469","0.0",2015-02-11
"15","1.9","38","215","0.0",2015-02-11
"16","2.4","38","118","0.0",2015-02-11
"17","1.1","43","10","0.0",2015-02-11
"18","-1.3","56","0","0.0",2015-02-11
"19","-1.9","60","0","0.0",2015-02-11
"20","-1.6","56","0","0.0",2015-02-11
"21","-1.4","54","0","0.0",2015-02-11
"22","-2.0","73","0","0.0",2015-02-11
"23","-2.2","87","0","0.0",2015-02-11
"0","-3.4","96","0","0.0",2015-02-10
"1","-3.6","97","0","0.0",2015-02-10
"2","-4.1","97","0","0.0",2015-02-10
"3","-4.4","95","0","0.0",2015-02-10
"4","-4.4","93","0","0.0",2015-02-10
"5","-4.2","92","0","0.0",2015-02-10
"6","-4.0","91","0","0.0",2015-02-10
"7","-3.8","89","9","0.0",2015-02-10
"8","-3.3","87","53","0.0",2015-02-10
"9","-2.8","85","99","0.0",2015-02-10
"10","-1.8","84","199","0.0",2015-02-10
"11","-0.1","79","482","1.0",2015-02-10
"12","1.6","73","581","0.3",2015-02-10
"13","2.6","66","562","0.0",2015-02-10
"14","2.7","64","442","0.0",2015-02-10
"15","2.8","65","296","0.0",2015-02-10
"16","2.0","69","127","0.0",2015-02-10
"17","1.1","73","14","0.0",2015-02-10
"18","0.1","78","0","0.0",2015-02-10
"19","-0.9","79","0","0.0",2015-02-10
"20","-1.0","78","0","0.0",2015-02-10
"21","-1.4","79","0","0.0",2015-02-10
"22","-1.7","80","0","0.0",2015-02-10
"23","-2.0","80","0","0.0",2015-02-10
"0","1.1","99","0","0.0",2015-02-09
"1","1.0","100","0","0.0",2015-02-09
"2","0.8","100","0","0.0",2015-02-09
"3","0.5","100","0","0.0",2015-02-09
"4","-0.3","100","0","0.3",2015-02-09
"5","-0.9","100","0","0.0",2015-02-09
"6","-1.6","99","0","0.0",2015-02-09
"7","-1.8","98","8","0.0",2015-02-09
"8","-1.8","95","38","0.0",2015-02-09
"9","-2.0","94","30","0.0",2015-02-09
"10","-2.1","95","39","0.0",2015-02-09
"11","-2.1","97","39","0.0",2015-02-09
"12","-2.3","98","45","0.0",2015-02-09
"13","-2.4","98","59","0.0",2015-02-09
"14","-2.3","97","50","0.0",2015-02-09
"15","-2.5","97","23","0.0",2015-02-09
"16","-2.6","98","8","0.0",2015-02-09
"17","-3.0","97","1","0.0",2015-02-09
"18","-3.1","97","0","0.0",2015-02-09
"19","-3.2","96","0","0.0",2015-02-09
"20","-3.2","95","0","0.0",2015-02-09
"21","-3.3","95","0","0.0",2015-02-09
"22","-3.3","95","0","0.0",2015-02-09
"23","-3.5","96","0","0.0",2015-02-09
"0","0.1","68","0","0.0",2015-02-08
"1","0.1","68","0","0.0",2015-02-08
"2","0.1","71","0","0.0",2015-02-08
"3","-0.5","74","0","0.0",2015-02-08
"4","-0.5","74","0","0.0",2015-02-08
"5","-0.7","76","0","0.0",2015-02-08
"6","-0.0","71","0","0.0",2015-02-08
"7","0.4","70","14","0.0",2015-02-08
"8","1.2","68","75","0.0",2015-02-08
"9","2.7","64","229","0.0",2015-02-08
"10","4.7","56","183","0.0",2015-02-08
"11","5.4","53","191","0.0",2015-02-08
"12","6.8","49","245","0.0",2015-02-08
"13","6.4","53","201","0.0",2015-02-08
"14","6.3","55","182","0.0",2015-02-08
"15","6.1","56","67","0.0",2015-02-08
"16","5.6","61","36","0.0",2015-02-08
"17","4.9","69","4","0.0",2015-02-08
"18","4.3","75","0","0.0",2015-02-08
"19","3.7","84","0","0.0",2015-02-08
"20","2.9","92","0","0.0",2015-02-08
"21","2.4","96","0","0.0",2015-02-08
"22","2.0","98","0","0.0",2015-02-08
"23","1.5","99","0","0.0",2015-02-08
"0","-7.9","76","0","0.0",2015-02-07
"1","-7.9","78","0","0.0",2015-02-07
"2","-8.1","81","0","0.0",2015-02-07
"3","-6.3","79","0","0.0",2015-02-07
"4","-4.7","69","0","0.0",2015-02-07
"5","-4.3","68","0","0.0",2015-02-07
"6","-4.2","64","0","0.0",2015-02-07
"7","-3.7","64","15","0.0",2015-02-07
"8","-2.3","56","103","0.0",2015-02-07
"9","-1.4","57","165","0.0",2015-02-07
"10","-0.3","48","197","0.0",2015-02-07
"11","1.5","38","432","0.0",2015-02-07
"12","3.1","31","470","0.0",2015-02-07
"13","4.4","31","502","0.0",2015-02-07
"14","4.8","31","355","0.0",2015-02-07
"15","5.2","31","239","0.0",2015-02-07
"16","5.1","31","70","0.0",2015-02-07
"17","4.2","35","5","0.0",2015-02-07
"18","3.7","38","0","0.0",2015-02-07
"19","2.9","42","0","0.0",2015-02-07
"20","1.9","49","0","0.0",2015-02-07
"21","0.9","53","0","0.0",2015-02-07
"22","-0.1","62","0","0.0",2015-02-07
"23","-0.2","67","0","0.0",2015-02-07
"0","-10.1","46","0","0.0",2015-02-06
"1","-10.5","48","0","0.0",2015-02-06
"2","-10.8","50","0","0.0",2015-02-06
"3","-10.9","50","0","0.0",2015-02-06
"4","-11.0","55","0","0.0",2015-02-06
"5","-11.3","61","0","0.0",2015-02-06
"6","-11.4","63","0","0.0",2015-02-06
"7","-11.4","65","36","0.0",2015-02-06
"8","-10.3","60","139","0.0",2015-02-06
"9","-8.5","51","301","0.0",2015-02-06
"10","-5.8","40","434","0.0",2015-02-06
"11","-3.9","33","402","0.0",2015-02-06
"12","-3.3","32","328","0.0",2015-02-06
"13","-1.9","30","342","0.0",2015-02-06
"14","-0.9","27","150","0.0",2015-02-06
"15","-0.4","27","101","0.0",2015-02-06
"16","-0.2","28","61","0.0",2015-02-06
"17","-1.3","38","11","0.0",2015-02-06
"18","-2.9","47","0","0.0",2015-02-06
"19","-3.2","50","0","0.0",2015-02-06
"20","-5.2","61","0","0.0",2015-02-06
"21","-6.4","68","0","0.0",2015-02-06
"22","-6.9","71","0","0.0",2015-02-06
"23","-7.3","73","0","0.0",2015-02-06
"0","3.6","59","0","0.0",2015-02-05
"1","3.8","59","0","0.0",2015-02-05
"2","3.4","61","0","0.0",2015-02-05
"3","2.2","67","0","0.0",2015-02-05
"4","2.5","68","0","0.0",2015-02-05
"5","3.0","66","0","0.0",2015-02-05
"6","1.4","78","0","0.0",2015-02-05
"7","-1.8","93","12","0.0",2015-02-05
"8","-2.4","94","28","0.0",2015-02-05
"9","-3.3","79","69","0.0",2015-02-05
"10","-3.2","57","204","0.0",2015-02-05
"11","-3.3","51","384","0.0",2015-02-05
"12","-3.4","48","499","0.0",2015-02-05
"13","-3.6","39","407","0.0",2015-02-05
"14","-3.6","34","458","0.0",2015-02-05
"15","-3.9","33","311","0.0",2015-02-05
"16","-4.6","34","134","0.0",2015-02-05
"17","-5.8","36","9","0.0",2015-02-05
"18","-6.6","34","0","0.0",2015-02-05
"19","-7.2","33","0","0.0",2015-02-05
"20","-7.9","35","0","0.0",2015-02-05
"21","-8.6","37","0","0.0",2015-02-05
"22","-9.3","41","0","0.0",2015-02-05
"23","-9.8","45","0","0.0",2015-02-05
"0","-7.5","76","0","0.0",2015-02-04
"1","-7.3","76","0","0.0",2015-02-04
"2","-7.1","76","0","0.0",2015-02-04
"3","-6.0","69","0","0.0",2015-02-04
"4","-5.8","74","0","0.0",2015-02-04
"5","-4.8","75","0","0.0",2015-02-04
"6","-3.9","74","0","0.0",2015-02-04
"7","-3.7","77","24","0.0",2015-02-04
"8","-2.2","75","114","0.0",2015-02-04
"9","-0.8","73","240","0.0",2015-02-04
"10","1.0","64","419","0.0",2015-02-04
"11","2.8","57","469","0.0",2015-02-04
"12","4.5","50","442","0.0",2015-02-04
"13","5.6","46","358","0.0",2015-02-04
"14","5.9","46","263","0.0",2015-02-04
"15","6.7","44","274","0.0",2015-02-04
"16","6.3","45","82","0.0",2015-02-04
"17","5.1","50","6","0.0",2015-02-04
"18","3.0","59","0","0.0",2015-02-04
"19","2.6","64","0","0.0",2015-02-04
"20","4.3","57","0","0.0",2015-02-04
"21","4.5","55","0","0.0",2015-02-04
"22","4.0","57","0","0.0",2015-02-04
"23","3.7","59","0","0.0",2015-02-04
"0","-6.8","59","0","0.0",2015-02-03
"1","-7.4","60","0","0.0",2015-02-03
"2","-8.1","61","0","0.0",2015-02-03
"3","-8.4","61","0","0.0",2015-02-03
"4","-8.6","63","0","0.0",2015-02-03
"5","-8.7","57","0","0.0",2015-02-03
"6","-8.9","52","0","0.0",2015-02-03
"7","-8.8","56","24","0.0",2015-02-03
"8","-8.6","58","96","0.0",2015-02-03
"9","-7.9","57","251","0.0",2015-02-03
"10","-7.5","56","224","0.0",2015-02-03
"11","-6.4","53","505","0.0",2015-02-03
"12","-5.6","49","559","0.0",2015-02-03
"13","-4.7","46","515","0.0",2015-02-03
"14","-3.9","44","422","0.0",2015-02-03
"15","-3.3","41","283","0.0",2015-02-03
"16","-3.1","41","97","0.0",2015-02-03
"17","-3.5","46","6","0.0",2015-02-03
"18","-4.2","51","0","0.0",2015-02-03
"19","-5.1","59","0","0.0",2015-02-03
"20","-6.3","68","0","0.0",2015-02-03
"21","-6.9","73","0","0.0",2015-02-03
"22","-6.8","71","0","0.0",2015-02-03
"23","-7.0","71","0","0.0",2015-02-03
"0","-0.4","100","0","0.0",2015-02-02
"1","-0.1","100","0","0.3",2015-02-02
"2","0.1","100","0","4.1",2015-02-02
"3","0.3","100","0","2.8",2015-02-02
"4","0.5","100","0","1.5",2015-02-02
"5","0.7","100","0","2.5",2015-02-02
"6","0.8","100","0","2.0",2015-02-02
"7","0.9","100","2","2.5",2015-02-02
"8","0.9","100","17","1.8",2015-02-02
"9","1.1","100","37","4.6",2015-02-02
"10","1.5","100","110","0.3",2015-02-02
"11","1.4","100","90","0.3",2015-02-02
"12","1.6","100","80","0.0",2015-02-02
"13","1.9","100","39","0.0",2015-02-02
"14","2.3","97","81","0.0",2015-02-02
"15","3.1","70","161","0.0",2015-02-02
"16","-0.1","72","17","0.0",2015-02-02
"17","-1.9","60","4","0.0",2015-02-02
"18","-4.1","57","0","0.0",2015-02-02
"19","-5.1","58","0","0.0",2015-02-02
"20","-5.5","58","0","0.0",2015-02-02
"21","-5.6","59","0","0.0",2015-02-02
"22","-5.8","59","0","0.0",2015-02-02
"23","-6.2","59","0","0.0",2015-02-02
"0","-6.0","58","0","0.0",2015-02-01
"1","-6.6","61","0","0.0",2015-02-01
"2","-6.5","60","0","0.0",2015-02-01
"3","-6.6","63","0","0.0",2015-02-01
"4","-5.7","62","0","0.0",2015-02-01
"5","-5.1","62","0","0.0",2015-02-01
"6","-4.7","63","0","0.0",2015-02-01
"7","-3.8","62","13","0.0",2015-02-01
"8","-2.8","59","111","0.0",2015-02-01
"9","-1.6","63","195","0.0",2015-02-01
"10","-0.9","81","218","0.0",2015-02-01
"11","-0.2","79","283","0.0",2015-02-01
"12","1.7","68","422","0.0",2015-02-01
"13","1.9","65","192","0.0",2015-02-01
"14","2.3","64","166","0.0",2015-02-01
"15","3.1","61","159","0.0",2015-02-01
"16","2.6","55","29","0.0",2015-02-01
"17","2.0","59","1","0.0",2015-02-01
"18","1.6","62","0","0.0",2015-02-01
"19","1.4","60","0","0.0",2015-02-01
"20","0.8","61","0","0.0",2015-02-01
"21","0.6","63","0","0.0",2015-02-01
"22","-0.1","80","0","0.0",2015-02-01
"23","-0.9","97","0","0.0",2015-02-01
"0","-9.1","53","0","0.0",2015-01-31
"1","-9.9","52","0","0.0",2015-01-31
"2","-10.4","52","0","0.0",2015-01-31
"3","-10.9","53","0","0.0",2015-01-31
"4","-11.2","53","0","0.0",2015-01-31
"5","-11.4","53","0","0.0",2015-01-31
"6","-11.4","52","0","0.0",2015-01-31
"7","-11.4","52","32","0.0",2015-01-31
"8","-10.7","50","178","0.0",2015-01-31
"9","-9.5","50","336","0.0",2015-01-31
"10","-7.9","49","456","0.0",2015-01-31
"11","-6.7","47","527","0.0",2015-01-31
"12","-5.6","44","544","0.0",2015-01-31
"13","-5.1","44","501","0.0",2015-01-31
"14","-4.6","44","406","0.0",2015-01-31
"15","-4.0","43","269","0.0",2015-01-31
"16","-4.2","44","104","0.0",2015-01-31
"17","-4.6","47","4","0.0",2015-01-31
"18","-4.9","51","0","0.0",2015-01-31
"19","-5.0","53","0","0.0",2015-01-31
"20","-5.3","54","0","0.0",2015-01-31
"21","-5.2","53","0","0.0",2015-01-31
"22","-5.3","55","0","0.0",2015-01-31
"23","-5.6","57","0","0.0",2015-01-31
"0","-0.8","71","0","0.0",2015-01-30
"1","-0.9","73","0","0.0",2015-01-30
"2","-0.9","75","0","0.0",2015-01-30
"3","-0.8","75","0","0.0",2015-01-30
"4","-0.8","75","0","0.0",2015-01-30
"5","-0.2","78","0","0.0",2015-01-30
"6","-0.1","79","0","0.0",2015-01-30
"7","-0.2","79","18","0.0",2015-01-30
"8","-0.2","83","99","0.0",2015-01-30
"9","0.6","82","276","0.3",2015-01-30
"10","1.7","67","252","0.0",2015-01-30
"11","2.3","57","274","0.0",2015-01-30
"12","2.6","52","319","0.0",2015-01-30
"13","2.7","47","314","0.0",2015-01-30
"14","1.3","65","253","0.0",2015-01-30
"15","-0.4","77","153","0.0",2015-01-30
"16","-0.1","57","124","0.0",2015-01-30
"17","-1.2","57","4","0.0",2015-01-30
"18","-2.3","59","0","0.0",2015-01-30
"19","-3.1","58","0","0.0",2015-01-30
"20","-4.3","53","0","0.0",2015-01-30
"21","-5.8","52","0","0.0",2015-01-30
"22","-7.0","51","0","0.0",2015-01-30
"23","-8.3","51","0","0.0",2015-01-30
"0","-4.9","42","0","0.0",2015-01-29
"1","-5.5","45","0","0.0",2015-01-29
"2","-6.6","51","0","0.0",2015-01-29
"3","-7.0","52","0","0.0",2015-01-29
"4","-8.3","62","0","0.0",2015-01-29
"5","-9.2","68","0","0.0",2015-01-29
"6","-9.6","70","0","0.0",2015-01-29
"7","-8.6","67","32","0.0",2015-01-29
"8","-5.0","48","197","0.0",2015-01-29
"9","-2.8","38","250","0.0",2015-01-29
"10","-1.4","33","297","0.0",2015-01-29
"11","-1.1","35","257","0.0",2015-01-29
"12","-1.1","36","223","0.0",2015-01-29
"13","-0.8","36","205","0.0",2015-01-29
"14","-0.8","39","95","0.0",2015-01-29
"15","-0.8","40","79","0.0",2015-01-29
"16","-1.0","41","27","0.0",2015-01-29
"17","-1.2","50","1","0.0",2015-01-29
"18","-1.0","55","0","0.0",2015-01-29
"19","-1.5","76","0","0.0",2015-01-29
"20","-1.7","85","0","0.0",2015-01-29
"21","-1.8","88","0","0.0",2015-01-29
"22","-1.7","86","0","0.0",2015-01-29
"23","-1.3","79","0","0.0",2015-01-29
"0","-8.1","63","0","0.0",2015-01-28
"1","-8.4","63","0","0.0",2015-01-28
"2","-8.4","61","0","0.0",2015-01-28
"3","-8.5","54","0","0.0",2015-01-28
"4","-8.6","49","0","0.0",2015-01-28
"5","-8.5","46","0","0.0",2015-01-28
"6","-8.5","47","0","0.0",2015-01-28
"7","-8.4","48","27","0.0",2015-01-28
"8","-7.4","45","179","0.0",2015-01-28
"9","-6.0","42","330","0.0",2015-01-28
"10","-4.5","38","454","0.0",2015-01-28
"11","-3.1","34","544","0.0",2015-01-28
"12","-2.2","31","561","0.0",2015-01-28
"13","-1.3","30","519","0.0",2015-01-28
"14","-0.5","28","421","0.0",2015-01-28
"15","-0.1","28","276","0.0",2015-01-28
"16","-0.5","28","103","0.0",2015-01-28
"17","-1.5","31","3","0.0",2015-01-28
"18","-2.4","34","0","0.0",2015-01-28
"19","-3.1","38","0","0.0",2015-01-28
"20","-3.2","38","0","0.0",2015-01-28
"21","-3.4","39","0","0.0",2015-01-28
"22","-3.4","36","0","0.0",2015-01-28
"23","-4.3","41","0","0.0",2015-01-28
"0","-4.6","80","0","0.0",2015-01-27
"1","-4.7","78","0","0.0",2015-01-27
"2","-4.4","77","0","0.0",2015-01-27
"3","-4.0","76","0","0.0",2015-01-27
"4","-4.1","80","0","0.0",2015-01-27
"5","-4.6","89","0","0.0",2015-01-27
"6","-4.7","91","0","0.0",2015-01-27
"7","-4.3","91","16","0.0",2015-01-27
"8","-3.9","90","80","0.0",2015-01-27
"9","-3.8","89","174","0.0",2015-01-27
"10","-3.3","73","241","0.0",2015-01-27
"11","-2.3","62","387","0.8",2015-01-27
"12","-0.9","51","557","0.0",2015-01-27
"13","-0.4","44","515","0.0",2015-01-27
"14","-0.9","45","329","0.0",2015-01-27
"15","-0.9","45","194","0.0",2015-01-27
"16","-1.5","47","95","0.0",2015-01-27
"17","-2.0","45","5","0.0",2015-01-27
"18","-2.1","44","0","0.0",2015-01-27
"19","-2.6","43","0","0.0",2015-01-27
"20","-3.3","43","0","0.0",2015-01-27
"21","-4.6","45","0","0.0",2015-01-27
"22","-6.0","52","0","0.0",2015-01-27
"23","-7.3","60","0","0.0",2015-01-27
"0","-1.2","89","0","0.0",2015-01-26
"1","-2.1","91","0","0.0",2015-01-26
"2","-2.7","92","0","0.0",2015-01-26
"3","-3.1","92","0","0.0",2015-01-26
"4","-3.3","89","0","0.0",2015-01-26
"5","-3.4","87","0","0.0",2015-01-26
"6","-3.6","86","0","0.0",2015-01-26
"7","-3.9","83","6","0.0",2015-01-26
"8","-4.2","89","51","0.0",2015-01-26
"9","-4.3","92","97","0.0",2015-01-26
"10","-4.4","92","160","0.0",2015-01-26
"11","-3.9","88","172","0.0",2015-01-26
"12","-3.5","86","168","0.0",2015-01-26
"13","-3.1","87","125","0.0",2015-01-26
"14","-3.5","92","98","0.0",2015-01-26
"15","-3.9","89","46","0.0",2015-01-26
"16","-4.5","87","10","0.0",2015-01-26
"17","-4.7","88","1","0.0",2015-01-26
"18","-4.5","88","0","0.0",2015-01-26
"19","-4.3","90","0","0.0",2015-01-26
"20","-3.9","87","0","0.0",2015-01-26
"21","-4.0","90","0","0.0",2015-01-26
"22","-5.0","92","0","0.0",2015-01-26
"23","-4.7","85","0","0.0",2015-01-26
"0","1.1","73","0","0.0",2015-01-25
"1","1.2","74","0","0.0",2015-01-25
"2","1.2","75","0","0.0",2015-01-25
"3","1.2","75","0","0.0",2015-01-25
"4","0.6","78","0","0.0",2015-01-25
"5","0.6","79","0","0.0",2015-01-25
"6","1.3","77","0","0.0",2015-01-25
"7","1.3","77","14","0.0",2015-01-25
"8","2.0","75","148","0.0",2015-01-25
"9","3.3","70","266","0.0",2015-01-25
"10","3.8","69","182","0.0",2015-01-25
"11","4.7","67","445","0.0",2015-01-25
"12","5.6","63","404","0.0",2015-01-25
"13","5.5","65","350","0.0",2015-01-25
"14","5.3","68","197","0.0",2015-01-25
"15","4.9","70","128","0.0",2015-01-25
"16","4.6","72","28","0.0",2015-01-25
"17","3.9","77","1","0.0",2015-01-25
"18","3.3","83","0","0.0",2015-01-25
"19","3.3","83","0","0.0",2015-01-25
"20","2.4","90","0","0.0",2015-01-25
"21","1.5","94","0","0.3",2015-01-25
"22","0.9","95","0","0.0",2015-01-25
"23","-0.2","85","0","0.0",2015-01-25
"0","-0.4","100","0","0.0",2015-01-24
"1","-0.2","100","0","0.8",2015-01-24
"2","-0.0","100","0","3.3",2015-01-24
"3","0.0","100","0","1.0",2015-01-24
"4","0.0","100","0","0.8",2015-01-24
"5","0.0","100","0","0.8",2015-01-24
"6","-0.1","100","0","0.5",2015-01-24
"7","-0.1","100","3","0.3",2015-01-24
"8","-0.0","100","17","0.5",2015-01-24
"9","0.1","99","40","1.3",2015-01-24
"10","0.3","99","53","2.0",2015-01-24
"11","0.6","99","84","2.0",2015-01-24
"12","0.9","98","117","2.0",2015-01-24
"13","1.3","97","115","1.5",2015-01-24
"14","1.8","94","115","1.5",2015-01-24
"15","2.3","90","48","0.0",2015-01-24
"16","2.2","87","50","0.0",2015-01-24
"17","2.0","85","4","0.0",2015-01-24
"18","1.4","85","0","0.0",2015-01-24
"19","2.0","69","0","0.0",2015-01-24
"20","1.7","67","0","0.0",2015-01-24
"21","1.1","68","0","0.0",2015-01-24
"22","0.8","70","0","0.0",2015-01-24
"23","0.9","72","0","0.0",2015-01-24
"0","-0.3","76","0","0.0",2015-01-23
"1","-1.5","80","0","0.0",2015-01-23
"2","-2.3","83","0","0.0",2015-01-23
"3","-3.1","88","0","0.0",2015-01-23
"4","-3.7","89","0","0.0",2015-01-23
"5","-4.4","92","0","0.0",2015-01-23
"6","-5.0","94","0","0.0",2015-01-23
"7","-4.9","95","11","0.0",2015-01-23
"8","-3.6","95","98","0.0",2015-01-23
"9","-0.6","82","244","0.0",2015-01-23
"10","0.5","72","321","0.0",2015-01-23
"11","1.0","68","384","0.0",2015-01-23
"12","1.9","64","431","0.0",2015-01-23
"13","2.6","62","383","0.0",2015-01-23
"14","3.0","62","255","0.0",2015-01-23
"15","2.7","61","111","0.0",2015-01-23
"16","1.9","66","27","0.0",2015-01-23
"17","1.5","69","1","0.0",2015-01-23
"18","1.3","72","0","0.0",2015-01-23
"19","1.1","75","0","0.0",2015-01-23
"20","0.6","83","0","0.0",2015-01-23
"21","-0.1","96","0","0.0",2015-01-23
"22","-0.2","98","0","0.0",2015-01-23
"23","-0.4","99","0","0.0",2015-01-23
"0","-2.4","96","0","0.0",2015-01-22
"1","-2.4","97","0","0.0",2015-01-22
"2","-2.2","97","0","0.0",2015-01-22
"3","-2.2","96","0","0.0",2015-01-22
"4","-2.2","97","0","0.0",2015-01-22
"5","-2.1","98","0","0.0",2015-01-22
"6","-2.0","99","0","0.0",2015-01-22
"7","-1.9","99","1","0.0",2015-01-22
"8","-1.7","99","16","0.0",2015-01-22
"9","-1.2","97","48","0.0",2015-01-22
"10","-0.5","94","94","1.3",2015-01-22
"11","0.6","91","252","0.0",2015-01-22
"12","1.6","88","166","0.0",2015-01-22
"13","2.1","84","102","0.0",2015-01-22
"14","2.3","83","81","0.3",2015-01-22
"15","2.3","82","27","0.0",2015-01-22
"16","2.5","79","14","0.0",2015-01-22
"17","2.3","76","0","0.0",2015-01-22
"18","2.2","76","0","0.0",2015-01-22
"19","1.8","76","0","0.0",2015-01-22
"20","1.7","74","0","0.0",2015-01-22
"21","1.7","71","0","0.0",2015-01-22
"22","1.5","69","0","0.0",2015-01-22
"23","0.6","72","0","0.0",2015-01-22
"0","-2.4","99","0","0.0",2015-01-21
"1","-2.9","99","0","0.0",2015-01-21
"2","-3.3","99","0","0.0",2015-01-21
"3","-3.7","100","0","0.0",2015-01-21
"4","-3.0","93","0","0.0",2015-01-21
"5","-3.2","81","0","0.0",2015-01-21
"6","-3.4","77","0","0.0",2015-01-21
"7","-3.5","76","8","0.0",2015-01-21
"8","-3.4","76","61","0.0",2015-01-21
"9","-2.8","66","136","0.0",2015-01-21
"10","-2.0","52","154","0.0",2015-01-21
"11","-1.5","51","116","0.0",2015-01-21
"12","-1.2","53","132","0.0",2015-01-21
"13","-0.9","54","87","0.0",2015-01-21
"14","-1.7","75","85","0.0",2015-01-21
"15","-2.2","84","55","0.0",2015-01-21
"16","-2.6","91","14","0.0",2015-01-21
"17","-2.8","96","0","0.0",2015-01-21
"18","-2.8","97","0","0.0",2015-01-21
"19","-2.6","97","0","0.0",2015-01-21
"20","-2.5","96","0","0.0",2015-01-21
"21","-2.4","95","0","0.0",2015-01-21
"22","-2.3","95","0","0.0",2015-01-21
"23","-2.4","95","0","0.0",2015-01-21
"0","2.2","66","0","0.0",2015-01-20
"1","1.7","68","0","0.0",2015-01-20
"2","1.5","68","0","0.0",2015-01-20
"3","-0.2","77","0","0.0",2015-01-20
"4","-1.4","83","0","0.0",2015-01-20
"5","-2.4","88","0","0.0",2015-01-20
"6","-1.5","86","0","0.0",2015-01-20
"7","0.0","75","9","0.0",2015-01-20
"8","0.4","74","72","0.0",2015-01-20
"9","2.0","66","229","0.0",2015-01-20
"10","3.5","61","251","0.0",2015-01-20
"11","4.2","58","233","0.0",2015-01-20
"12","4.9","57","283","0.0",2015-01-20
"13","5.7","54","255","0.0",2015-01-20
"14","5.5","56","130","0.0",2015-01-20
"15","4.7","62","32","0.0",2015-01-20
"16","2.7","82","16","0.0",2015-01-20
"17","2.0","88","1","0.0",2015-01-20
"18","1.4","91","0","0.0",2015-01-20
"19","0.7","94","0","0.0",2015-01-20
"20","-0.1","95","0","0.0",2015-01-20
"21","-0.7","97","0","0.0",2015-01-20
"22","-1.4","98","0","0.0",2015-01-20
"23","-1.5","98","0","0.0",2015-01-20
"0","-0.0","94","0","0.0",2015-01-19
"1","-0.1","91","0","0.0",2015-01-19
"2","-0.3","91","0","0.0",2015-01-19
"3","0.8","84","0","0.0",2015-01-19
"4","1.3","81","0","0.0",2015-01-19
"5","1.2","83","0","0.0",2015-01-19
"6","1.2","84","0","0.0",2015-01-19
"7","1.5","82","7","0.0",2015-01-19
"8","1.8","80","54","0.0",2015-01-19
"9","2.6","78","223","0.0",2015-01-19
"10","3.9","66","397","0.0",2015-01-19
"11","4.8","58","501","0.0",2015-01-19
"12","5.0","54","384","0.0",2015-01-19
"13","4.8","51","198","0.0",2015-01-19
"14","4.5","50","56","0.0",2015-01-19
"15","4.3","52","49","0.0",2015-01-19
"16","4.1","53","13","0.0",2015-01-19
"17","3.8","56","0","0.0",2015-01-19
"18","3.5","58","0","0.0",2015-01-19
"19","3.1","60","0","0.0",2015-01-19
"20","2.9","61","0","0.0",2015-01-19
"21","3.1","62","0","0.0",2015-01-19
"22","3.0","63","0","0.0",2015-01-19
"23","2.9","63","0","0.0",2015-01-19
"0","-4.4","83","0","0.0",2015-01-18
"1","-5.1","88","0","0.0",2015-01-18
"2","-5.4","90","0","0.0",2015-01-18
"3","-5.6","93","0","0.0",2015-01-18
"4","-4.6","95","0","0.0",2015-01-18
"5","-2.3","94","0","0.0",2015-01-18
"6","-1.3","92","0","0.0",2015-01-18
"7","-0.7","92","2","0.0",2015-01-18
"8","-0.1","96","9","3.3",2015-01-18
"9","0.9","99","22","6.1",2015-01-18
"10","3.0","99","39","3.3",2015-01-18
"11","4.2","99","28","2.8",2015-01-18
"12","4.1","99","17","6.4",2015-01-18
"13","4.8","99","15","3.8",2015-01-18
"14","5.5","98","17","1.5",2015-01-18
"15","5.3","98","14","0.8",2015-01-18
"16","5.5","97","21","0.5",2015-01-18
"17","4.5","97","0","1.5",2015-01-18
"18","3.5","96","0","0.0",2015-01-18
"19","2.6","97","0","0.0",2015-01-18
"20","1.7","97","0","0.0",2015-01-18
"21","1.0","95","0","0.0",2015-01-18
"22","0.8","94","0","0.0",2015-01-18
"23","0.3","94","0","0.0",2015-01-18
"0","-5.8","45","0","0.0",2015-01-17
"1","-6.5","49","0","0.0",2015-01-17
"2","-7.1","53","0","0.0",2015-01-17
"3","-7.9","56","0","0.0",2015-01-17
"4","-8.2","55","0","0.0",2015-01-17
"5","-9.2","60","0","0.0",2015-01-17
"6","-9.0","60","0","0.0",2015-01-17
"7","-9.0","59","16","0.0",2015-01-17
"8","-8.4","57","146","0.0",2015-01-17
"9","-7.3","50","287","0.0",2015-01-17
"10","-5.8","41","402","0.0",2015-01-17
"11","-3.9","35","479","0.0",2015-01-17
"12","-2.8","30","490","0.0",2015-01-17
"13","-1.3","31","450","0.0",2015-01-17
"14","-1.0","32","322","0.0",2015-01-17
"15","-1.3","36","163","0.0",2015-01-17
"16","-2.0","41","47","0.0",2015-01-17
"17","-2.7","47","1","0.0",2015-01-17
"18","-3.2","46","0","0.0",2015-01-17
"19","-3.5","53","0","0.0",2015-01-17
"20","-4.0","60","0","0.0",2015-01-17
"21","-4.3","66","0","0.0",2015-01-17
"22","-4.1","73","0","0.0",2015-01-17
"23","-4.5","80","0","0.0",2015-01-17
"0","-3.9","78","0","0.0",2015-01-16
"1","-3.1","85","0","0.0",2015-01-16
"2","-2.3","83","0","0.0",2015-01-16
"3","-2.3","79","0","0.0",2015-01-16
"4","-2.0","75","0","0.0",2015-01-16
"5","-2.4","75","0","0.0",2015-01-16
"6","-2.6","75","0","0.0",2015-01-16
"7","-2.6","73","16","0.0",2015-01-16
"8","-1.1","67","137","0.0",2015-01-16
"9","0.9","60","276","0.0",2015-01-16
"10","2.3","56","277","0.0",2015-01-16
"11","3.1","52","371","0.0",2015-01-16
"12","3.7","46","521","0.0",2015-01-16
"13","3.2","47","384","0.0",2015-01-16
"14","3.2","47","277","0.0",2015-01-16
"15","3.3","46","197","0.0",2015-01-16
"16","2.8","46","52","0.0",2015-01-16
"17","2.0","51","1","0.0",2015-01-16
"18","1.1","46","0","0.0",2015-01-16
"19","-0.7","50","0","0.0",2015-01-16
"20","-2.5","55","0","0.0",2015-01-16
"21","-3.6","51","0","0.0",2015-01-16
"22","-4.4","48","0","0.0",2015-01-16
"23","-5.1","46","0","0.0",2015-01-16
"0","-3.1","77","0","0.0",2015-01-15
"1","-3.0","78","0","0.0",2015-01-15
"2","-3.0","80","0","0.0",2015-01-15
"3","-3.1","81","0","0.0",2015-01-15
"4","-3.1","82","0","0.0",2015-01-15
"5","-3.2","83","0","0.0",2015-01-15
"6","-3.3","85","0","0.0",2015-01-15
"7","-3.4","83","5","0.0",2015-01-15
"8","-3.2","80","42","0.0",2015-01-15
"9","-2.8","77","123","0.0",2015-01-15
"10","-2.0","73","212","0.0",2015-01-15
"11","-1.5","70","265","0.0",2015-01-15
"12","-1.0","67","226","0.0",2015-01-15
"13","-0.4","62","340","0.0",2015-01-15
"14","0.1","56","327","0.0",2015-01-15
"15","0.5","53","198","0.0",2015-01-15
"16","0.3","52","50","0.0",2015-01-15
"17","-0.4","53","1","0.0",2015-01-15
"18","-0.4","52","0","0.0",2015-01-15
"19","-1.4","57","0","0.0",2015-01-15
"20","-3.0","66","0","0.0",2015-01-15
"21","-2.4","64","0","0.0",2015-01-15
"22","-2.4","65","0","0.0",2015-01-15
"23","-2.3","69","0","0.0",2015-01-15
"0","-8.0","55","0","0.0",2015-01-14
"1","-8.1","57","0","0.0",2015-01-14
"2","-8.3","59","0","0.0",2015-01-14
"3","-8.4","63","0","0.0",2015-01-14
"4","-8.2","65","0","0.0",2015-01-14
"5","-8.0","68","0","0.0",2015-01-14
"6","-8.2","68","0","0.0",2015-01-14
"7","-7.8","70","3","0.0",2015-01-14
"8","-7.6","70","37","0.0",2015-01-14
"9","-7.0","71","108","0.0",2015-01-14
"10","-6.1","71","158","0.0",2015-01-14
"11","-5.0","71","230","0.0",2015-01-14
"12","-3.8","71","206","0.0",2015-01-14
"13","-3.3","70","201","0.0",2015-01-14
"14","-3.1","69","123","0.0",2015-01-14
"15","-3.4","70","52","0.0",2015-01-14
"16","-3.4","71","27","0.0",2015-01-14
"17","-3.5","72","0","0.0",2015-01-14
"18","-3.5","72","0","0.0",2015-01-14
"19","-3.5","72","0","0.0",2015-01-14
"20","-3.4","72","0","0.0",2015-01-14
"21","-3.4","73","0","0.0",2015-01-14
"22","-3.3","75","0","0.0",2015-01-14
"23","-3.1","75","0","0.0",2015-01-14
"0","1.3","76","0","0.0",2015-01-13
"1","0.9","77","0","0.0",2015-01-13
"2","0.6","76","0","0.0",2015-01-13
"3","0.2","72","0","0.0",2015-01-13
"4","-0.2","70","0","0.0",2015-01-13
"5","-1.8","66","0","0.0",2015-01-13
"6","-3.4","63","0","0.0",2015-01-13
"7","-4.5","58","15","0.0",2015-01-13
"8","-4.9","52","146","0.0",2015-01-13
"9","-4.7","48","289","0.0",2015-01-13
"10","-4.5","47","414","0.0",2015-01-13
"11","-4.2","47","481","0.0",2015-01-13
"12","-3.7","46","494","0.0",2015-01-13
"13","-3.2","44","437","0.0",2015-01-13
"14","-2.8","37","259","0.0",2015-01-13
"15","-3.0","36","160","0.0",2015-01-13
"16","-3.7","41","42","0.0",2015-01-13
"17","-4.4","46","1","0.0",2015-01-13
"18","-5.0","49","0","0.0",2015-01-13
"19","-5.5","52","0","0.0",2015-01-13
"20","-5.8","52","0","0.0",2015-01-13
"21","-6.2","50","0","0.0",2015-01-13
"22","-6.8","46","0","0.0",2015-01-13
"23","-7.7","50","0","0.0",2015-01-13
"0","0.3","58","0","0.0",2015-01-12
"1","0.0","69","0","0.0",2015-01-12
"2","-0.1","74","0","0.0",2015-01-12
"3","-0.3","82","0","0.0",2015-01-12
"4","-0.2","85","0","0.0",2015-01-12
"5","-0.0","87","0","0.0",2015-01-12
"6","-0.3","93","0","0.0",2015-01-12
"7","-0.4","97","1","0.0",2015-01-12
"8","-0.1","99","9","0.3",2015-01-12
"9","0.0","99","24","4.1",2015-01-12
"10","0.1","99","29","2.0",2015-01-12
"11","0.2","99","32","2.5",2015-01-12
"12","0.5","99","51","2.8",2015-01-12
"13","1.3","99","53","3.3",2015-01-12
"14","1.5","99","38","0.0",2015-01-12
"15","1.6","99","20","0.0",2015-01-12
"16","1.8","99","6","0.3",2015-01-12
"17","1.8","99","0","0.0",2015-01-12
"18","1.8","99","0","0.0",2015-01-12
"19","2.0","98","0","0.0",2015-01-12
"20","2.3","95","0","0.3",2015-01-12
"21","2.2","94","0","0.0",2015-01-12
"22","2.1","92","0","0.0",2015-01-12
"23","1.9","87","0","0.0",2015-01-12
"0","-13.7","77","0","0.0",2015-01-11
"1","-13.7","80","0","0.0",2015-01-11
"2","-13.0","78","0","0.0",2015-01-11
"3","-12.8","79","0","0.0",2015-01-11
"4","-11.8","78","0","0.0",2015-01-11
"5","-11.8","73","0","0.0",2015-01-11
"6","-11.8","75","0","0.0",2015-01-11
"7","-11.1","76","24","0.0",2015-01-11
"8","-7.5","57","191","0.0",2015-01-11
"9","-4.7","54","296","0.0",2015-01-11
"10","-2.7","60","392","0.0",2015-01-11
"11","-1.0","54","438","0.0",2015-01-11
"12","0.6","43","495","0.0",2015-01-11
"13","1.6","38","386","0.0",2015-01-11
"14","2.4","36","313","0.0",2015-01-11
"15","2.4","37","154","0.0",2015-01-11
"16","1.8","40","28","0.0",2015-01-11
"17","0.7","47","0","0.0",2015-01-11
"18","0.4","51","0","0.0",2015-01-11
"19","0.2","53","0","0.0",2015-01-11
"20","-0.4","63","0","0.0",2015-01-11
"21","-0.4","67","0","0.0",2015-01-11
"22","-0.1","63","0","0.0",2015-01-11
"23","0.3","57","0","0.0",2015-01-11
"0","-6.8","50","0","0.0",2015-01-10
"1","-7.3","46","0","0.0",2015-01-10
"2","-7.7","43","0","0.0",2015-01-10
"3","-8.6","43","0","0.0",2015-01-10
"4","-9.4","42","0","0.0",2015-01-10
"5","-10.2","45","0","0.0",2015-01-10
"6","-10.9","48","0","0.0",2015-01-10
"7","-11.4","50","15","0.0",2015-01-10
"8","-11.3","50","141","0.0",2015-01-10
"9","-10.8","44","286","0.0",2015-01-10
"10","-10.3","44","401","0.0",2015-01-10
"11","-9.4","44","468","0.0",2015-01-10
"12","-9.0","45","479","0.0",2015-01-10
"13","-8.4","42","435","0.0",2015-01-10
"14","-8.2","41","338","0.0",2015-01-10
"15","-8.1","39","201","0.0",2015-01-10
"16","-8.2","41","45","0.0",2015-01-10
"17","-8.9","46","1","0.0",2015-01-10
"18","-9.6","48","0","0.0",2015-01-10
"19","-10.3","50","0","0.0",2015-01-10
"20","-11.8","59","0","0.0",2015-01-10
"21","-13.0","67","0","0.0",2015-01-10
"22","-13.5","72","0","0.0",2015-01-10
"23","-13.9","77","0","0.0",2015-01-10
"0","-8.0","53","0","0.0",2015-01-09
"1","-7.4","53","0","0.0",2015-01-09
"2","-6.9","54","0","0.0",2015-01-09
"3","-6.2","53","0","0.0",2015-01-09
"4","-5.5","50","0","0.0",2015-01-09
"5","-5.5","63","0","0.0",2015-01-09
"6","-5.5","65","0","0.0",2015-01-09
"7","-5.5","61","2","0.0",2015-01-09
"8","-5.2","57","29","0.0",2015-01-09
"9","-4.4","51","114","0.0",2015-01-09
"10","-3.4","47","177","0.0",2015-01-09
"11","-1.8","44","374","0.3",2015-01-09
"12","-1.0","43","371","0.3",2015-01-09
"13","-0.8","45","279","0.0",2015-01-09
"14","-0.8","43","131","0.0",2015-01-09
"15","-0.9","41","75","0.0",2015-01-09
"16","-1.2","42","35","0.0",2015-01-09
"17","-2.2","50","0","0.0",2015-01-09
"18","-2.9","47","0","0.0",2015-01-09
"19","-3.8","48","0","0.0",2015-01-09
"20","-4.8","51","0","0.0",2015-01-09
"21","-5.7","54","0","0.0",2015-01-09
"22","-6.5","57","0","0.0",2015-01-09
"23","-6.3","51","0","0.0",2015-01-09
"0","-13.2","40","0","0.0",2015-01-08
"1","-13.5","43","0","0.0",2015-01-08
"2","-13.7","46","0","0.0",2015-01-08
"3","-13.8","50","0","0.0",2015-01-08
"4","-13.8","55","0","0.0",2015-01-08
"5","-13.8","58","0","0.0",2015-01-08
"6","-13.7","58","0","0.0",2015-01-08
"7","-13.7","58","15","0.0",2015-01-08
"8","-13.1","55","137","0.0",2015-01-08
"9","-12.2","51","274","0.0",2015-01-08
"10","-11.5","49","384","0.0",2015-01-08
"11","-10.9","48","449","0.0",2015-01-08
"12","-10.4","46","457","0.0",2015-01-08
"13","-10.0","42","413","0.0",2015-01-08
"14","-9.8","42","243","0.0",2015-01-08
"15","-10.0","44","124","0.0",2015-01-08
"16","-10.2","45","27","0.0",2015-01-08
"17","-10.7","48","0","0.0",2015-01-08
"18","-10.9","50","0","0.0",2015-01-08
"19","-11.1","50","0","0.0",2015-01-08
"20","-11.6","56","0","0.0",2015-01-08
"21","-10.9","57","0","0.0",2015-01-08
"22","-9.8","54","0","0.0",2015-01-08
"23","-8.5","52","0","0.0",2015-01-08
"0","-10.6","96","0","0.0",2015-01-07
"1","-9.9","95","0","0.0",2015-01-07
"2","-9.8","93","0","0.0",2015-01-07
"3","-9.4","91","0","0.0",2015-01-07
"4","-8.6","81","0","0.0",2015-01-07
"5","-7.9","76","0","0.0",2015-01-07
"6","-8.5","80","0","0.0",2015-01-07
"7","-8.0","74","3","0.0",2015-01-07
"8","-7.6","76","26","0.0",2015-01-07
"9","-7.0","61","227","0.0",2015-01-07
"10","-7.0","51","351","0.0",2015-01-07
"11","-7.2","47","239","0.0",2015-01-07
"12","-7.3","51","287","0.0",2015-01-07
"13","-7.3","48","305","0.0",2015-01-07
"14","-7.0","36","268","0.0",2015-01-07
"15","-7.5","50","107","0.0",2015-01-07
"16","-8.6","58","58","0.0",2015-01-07
"17","-9.2","48","0","0.0",2015-01-07
"18","-9.5","35","0","0.0",2015-01-07
"19","-10.2","31","0","0.0",2015-01-07
"20","-10.8","35","0","0.0",2015-01-07
"21","-11.4","37","0","0.0",2015-01-07
"22","-12.0","39","0","0.0",2015-01-07
"23","-12.6","40","0","0.0",2015-01-07
"0","-6.9","49","0","0.0",2015-01-06
"1","-7.4","52","0","0.0",2015-01-06
"2","-7.5","49","0","0.0",2015-01-06
"3","-7.5","45","0","0.0",2015-01-06
"4","-7.5","44","0","0.0",2015-01-06
"5","-7.6","47","0","0.0",2015-01-06
"6","-8.8","81","0","0.0",2015-01-06
"7","-9.2","93","1","0.0",2015-01-06
"8","-9.0","93","13","0.0",2015-01-06
"9","-8.4","92","71","0.0",2015-01-06
"10","-7.7","89","118","0.0",2015-01-06
"11","-6.7","88","150","0.0",2015-01-06
"12","-6.4","87","131","0.0",2015-01-06
"13","-6.0","90","76","0.0",2015-01-06
"14","-5.8","89","55","0.0",2015-01-06
"15","-6.0","89","40","0.0",2015-01-06
"16","-6.2","90","13","0.0",2015-01-06
"17","-6.3","91","0","0.0",2015-01-06
"18","-6.7","91","0","0.0",2015-01-06
"19","-7.3","93","0","0.0",2015-01-06
"20","-7.8","95","0","0.0",2015-01-06
"21","-8.0","95","0","0.0",2015-01-06
"22","-9.9","96","0","0.0",2015-01-06
"23","-10.4","96","0","0.0",2015-01-06
"0","7.3","54","0","0.0",2015-01-05
"1","6.1","58","0","0.0",2015-01-05
"2","5.2","59","0","0.0",2015-01-05
"3","4.3","55","0","0.0",2015-01-05
"4","3.9","56","0","0.0",2015-01-05
"5","3.4","53","0","0.0",2015-01-05
"6","2.6","54","0","0.0",2015-01-05
"7","2.1","52","6","0.0",2015-01-05
"8","1.3","54","59","0.0",2015-01-05
"9","0.6","50","211","0.0",2015-01-05
"10","0.7","44","296","0.0",2015-01-05
"11","1.1","42","470","0.0",2015-01-05
"12","1.0","35","476","0.0",2015-01-05
"13","0.2","30","421","0.0",2015-01-05
"14","-0.2","31","315","0.0",2015-01-05
"15","-0.9","28","178","0.0",2015-01-05
"16","-1.8","30","33","0.0",2015-01-05
"17","-2.6","30","0","0.0",2015-01-05
"18","-3.4","34","0","0.0",2015-01-05
"19","-4.2","37","0","0.0",2015-01-05
"20","-4.9","39","0","0.0",2015-01-05
"21","-5.4","44","0","0.0",2015-01-05
"22","-5.9","44","0","0.0",2015-01-05
"23","-6.4","45","0","0.0",2015-01-05
"0","3.8","100","0","1.0",2015-01-04
"1","3.3","100","0","0.0",2015-01-04
"2","3.1","100","0","0.0",2015-01-04
"3","3.2","100","0","0.0",2015-01-04
"4","3.4","100","0","0.0",2015-01-04
"5","3.9","100","0","2.5",2015-01-04
"6","4.3","100","0","2.8",2015-01-04
"7","4.5","100","2","0.8",2015-01-04
"8","4.8","100","19","1.0",2015-01-04
"9","5.7","100","27","0.0",2015-01-04
"10","7.0","100","52","0.0",2015-01-04
"11","8.4","100","45","0.0",2015-01-04
"12","9.3","100","40","0.0",2015-01-04
"13","9.3","100","38","0.0",2015-01-04
"14","10.2","99","54","0.0",2015-01-04
"15","11.5","97","30","0.0",2015-01-04
"16","11.8","94","3","0.0",2015-01-04
"17","12.3","93","0","0.0",2015-01-04
"18","12.3","92","0","0.0",2015-01-04
"19","12.0","92","0","0.3",2015-01-04
"20","10.9","86","0","0.5",2015-01-04
"21","10.3","71","0","0.0",2015-01-04
"22","9.7","64","0","0.0",2015-01-04
"23","8.6","54","0","0.0",2015-01-04
"0","-3.5","82","0","0.0",2015-01-03
"1","-3.9","84","0","0.0",2015-01-03
"2","-4.6","87","0","0.0",2015-01-03
"3","-4.6","88","0","0.0",2015-01-03
"4","-3.3","80","0","0.0",2015-01-03
"5","-1.9","71","0","0.0",2015-01-03
"6","-1.5","70","0","0.0",2015-01-03
"7","-1.1","67","4","0.0",2015-01-03
"8","-0.2","66","20","0.0",2015-01-03
"9","0.7","68","59","0.0",2015-01-03
"10","1.1","71","71","0.0",2015-01-03
"11","1.5","83","97","0.8",2015-01-03
"12","1.3","92","40","2.0",2015-01-03
"13","1.2","97","42","1.5",2015-01-03
"14","1.5","98","22","1.3",2015-01-03
"15","1.7","99","9","2.8",2015-01-03
"16","1.9","99","2","0.5",2015-01-03
"17","2.0","99","0","0.8",2015-01-03
"18","2.4","100","0","0.3",2015-01-03
"19","3.1","100","0","0.3",2015-01-03
"20","3.4","100","0","0.8",2015-01-03
"21","3.4","100","0","0.3",2015-01-03
"22","3.5","100","0","3.3",2015-01-03
"23","3.7","100","0","2.5",2015-01-03
"0","0.1","56","0","0.0",2015-01-02
"1","-0.1","56","0","0.0",2015-01-02
"2","-3.1","71","0","0.0",2015-01-02
"3","-2.0","66","0","0.0",2015-01-02
"4","0.2","52","0","0.0",2015-01-02
"5","0.1","52","0","0.0",2015-01-02
"6","0.0","53","0","0.0",2015-01-02
"7","-1.2","59","11","0.0",2015-01-02
"8","0.1","55","89","0.0",2015-01-02
"9","1.5","50","191","0.0",2015-01-02
"10","2.8","48","285","0.0",2015-01-02
"11","3.7","44","334","0.0",2015-01-02
"12","3.8","43","293","0.0",2015-01-02
"13","4.0","43","263","0.0",2015-01-02
"14","4.2","43","208","0.0",2015-01-02
"15","4.2","44","122","0.0",2015-01-02
"16","3.6","46","20","0.0",2015-01-02
"17","1.9","54","0","0.0",2015-01-02
"18","-0.3","64","0","0.0",2015-01-02
"19","-1.3","69","0","0.0",2015-01-02
"20","-2.5","76","0","0.0",2015-01-02
"21","-2.9","79","0","0.0",2015-01-02
"22","-3.2","81","0","0.0",2015-01-02
"23","-3.2","81","0","0.0",2015-01-02
"0","-3.7","47","0","0.0",2015-01-01
"1","-3.6","46","0","0.0",2015-01-01
"2","-3.3","44","0","0.0",2015-01-01
"3","-3.3","44","0","0.0",2015-01-01
"4","-3.5","44","0","0.0",2015-01-01
"5","-3.7","45","0","0.0",2015-01-01
"6","-4.0","47","0","0.0",2015-01-01
"7","-4.3","48","15","0.0",2015-01-01
"8","-3.2","44","136","0.0",2015-01-01
"9","-0.9","37","276","0.0",2015-01-01
"10","0.4","37","385","0.0",2015-01-01
"11","1.6","37","445","0.0",2015-01-01
"12","2.9","33","454","0.0",2015-01-01
"13","3.7","31","404","0.0",2015-01-01
"14","3.9","32","284","0.0",2015-01-01
"15","3.1","37","88","0.0",2015-01-01
"16","2.6","42","25","0.0",2015-01-01
"17","2.1","43","0","0.0",2015-01-01
"18","1.7","48","0","0.0",2015-01-01
"19","1.4","52","0","0.0",2015-01-01
"20","0.9","55","0","0.0",2015-01-01
"21","0.2","60","0","0.0",2015-01-01
"22","0.9","54","0","0.0",2015-01-01
"23","0.8","53","0","0.0",2015-01-01
