"Date","Station","Latitude","Longitude","Data_source","solar_radiation_mean","solar_radiation_max","solar_radiation_sum","temp_mean","rel_humidity_mean","rainfall_sum"
"2015-01-01","DGRN",39.8,-75.61,"DEOS",100.166666666667,426,2404,0.183333333333333,42.0833333333333,0
"2015-01-02","DGRN",39.8,-75.61,"DEOS",66.3333333333333,308,1592,2.3625,48.25,0
"2015-01-03","DGRN",39.8,-75.61,"DEOS",12.875,80,309,1.72916666666667,82.875,20.7
"2015-01-04","DGRN",39.8,-75.61,"DEOS",13.0833333333333,60,314,8.35,93.875,10.1
"2015-01-05","DGRN",39.8,-75.61,"DEOS",98.75,452,2370,0.504166666666667,46.3333333333333,0
"2015-01-06","DGRN",39.8,-75.61,"DEOS",33.75,178,810,-7.22916666666667,82.9166666666667,0
"2015-01-07","DGRN",39.8,-75.61,"DEOS",78.6666666666667,372,1888,-8.5375,61.5833333333333,0
"2015-01-08","DGRN",39.8,-75.61,"DEOS",104.833333333333,449,2516,-11.5208333333333,49.0833333333333,0
"2015-01-09","DGRN",39.8,-75.61,"DEOS",NA,NA,NA,NA,NA,NA
"2015-01-10","DGRN",39.8,-75.61,"DEOS",112.958333333333,462,2711,-8.96666666666667,44.4166666666667,0
"2015-01-11","DGRN",39.8,-75.61,"DEOS",106.333333333333,457,2552,-3.30833333333333,53.0833333333333,0
"2015-01-12","DGRN",39.8,-75.61,"DEOS",9.91666666666667,43,238,0.658333333333333,92.4583333333333,18.4
"2015-01-13","DGRN",39.8,-75.61,"DEOS",107.291666666667,462,2575,-2.925,58.8333333333333,0.3
"2015-01-14","DGRN",39.8,-75.61,"DEOS",48.7083333333333,235,1169,-4.7125,71.5,0
"2015-01-15","DGRN",39.8,-75.61,"DEOS",91.875,390,2205,-1.57083333333333,68.2916666666667,0
"2015-01-16","DGRN",39.8,-75.61,"DEOS",98.25,462,2358,-0.0791666666666667,60.4166666666667,0
"2015-01-17","DGRN",39.8,-75.61,"DEOS",113.916666666667,464,2734,-4.80416666666667,52.7916666666667,0
"2015-01-18","DGRN",39.8,-75.61,"DEOS",6.25,26,150,1.66666666666667,96.3333333333333,42.6
"2015-01-19","DGRN",39.8,-75.61,"DEOS",78.4583333333333,394,1883,2.77083333333333,69.3333333333333,0
"2015-01-20","DGRN",39.8,-75.61,"DEOS",60.375,273,1449,1.88333333333333,73.0416666666667,0
"2015-01-21","DGRN",39.8,-75.61,"DEOS",30.25,152,726,-2.1875,86.4583333333333,0
"2015-01-22","DGRN",39.8,-75.61,"DEOS",37.875,243,909,0.166666666666667,87.625,1.8
"2015-01-23","DGRN",39.8,-75.61,"DEOS",87.1666666666667,394,2092,0.1625,78.25,0
"2015-01-24","DGRN",39.8,-75.61,"DEOS",28.8333333333333,140,692,0.825,92.125,21.1
"2015-01-25","DGRN",39.8,-75.61,"DEOS",81.25,431,1950,2.99166666666667,75.4166666666667,0.6
"2015-01-26","DGRN",39.8,-75.61,"DEOS",28.4583333333333,146,683,-2.90416666666667,87.125,0
"2015-01-27","DGRN",39.8,-75.61,"DEOS",109.041666666667,493,2617,-2.9375,65.5,1.1
"2015-01-28","DGRN",39.8,-75.61,"DEOS",134.75,527,3234,-4.675,44,0
"2015-01-29","DGRN",39.8,-75.61,"DEOS",65.7916666666667,289,1579,-3.10416666666667,53.2083333333333,0
"2015-01-30","DGRN",39.8,-75.61,"DEOS",93.7083333333333,435,2249,-1.02083333333333,67.4166666666667,0.6
"2015-01-31","DGRN",39.8,-75.61,"DEOS",136.291666666667,529,3271,-7.40833333333333,51.5,0
"2015-02-01","DGRN",39.8,-75.61,"DEOS",71.25,380,1710,-1.35416666666667,63.9166666666667,0
"2015-02-02","DGRN",39.8,-75.61,"DEOS",23.375,142,561,-0.354166666666667,86.8333333333333,24.7
"2015-02-03","DGRN",39.8,-75.61,"DEOS",130.333333333333,543,3128,-5.74166666666667,53.0416666666667,0
"2015-02-04","DGRN",39.8,-75.61,"DEOS",121.333333333333,541,2912,1.0625,60.0416666666667,0
"2015-02-05","DGRN",39.8,-75.61,"DEOS",89.4583333333333,404,2147,-2.44166666666667,53.4583333333333,0
"2015-02-06","DGRN",39.8,-75.61,"DEOS",108.083333333333,441,2594,-6.025,46.5833333333333,0
"2015-02-07","DGRN",39.8,-75.61,"DEOS",101.708333333333,472,2441,0.233333333333333,49.5833333333333,0
"2015-02-08","DGRN",39.8,-75.61,"DEOS",75.875,350,1821,4.15833333333333,63.4166666666667,0
"2015-02-09","DGRN",39.8,-75.61,"DEOS",13.7916666666667,58,331,-1.4625,98.4166666666667,0
"2015-02-10","DGRN",39.8,-75.61,"DEOS",106.75,518,2562,-1.13333333333333,83.0416666666667,1.1
"2015-02-11","DGRN",39.8,-75.61,"DEOS",147.75,583,3546,-1.32916666666667,61.6666666666667,0
"2015-02-12","DGRN",39.8,-75.61,"DEOS",84.2083333333333,361,2021,-1.425,65.625,0
"2015-02-13","DGRN",39.8,-75.61,"DEOS",161.541666666667,600,3877,-9.61666666666667,44.3333333333333,0
"2015-02-14","DGRN",39.8,-75.61,"DEOS",37.6666666666667,152,904,-5.20416666666667,73.8333333333333,0
"2015-02-15","DGRN",39.8,-75.61,"DEOS",162.375,606,3897,-12.9375,49.2916666666667,0
"2015-02-16","DGRN",39.8,-75.61,"DEOS",100.5,382,2412,-13.9375,52.875,0
"2015-02-17","DGRN",39.8,-75.61,"DEOS",42.6666666666667,155,1024,-8.62083333333333,73.7916666666667,4.1
"2015-02-18","DGRN",39.8,-75.61,"DEOS",88.75,570,2130,-6.07916666666667,53,1.1
"2015-02-19","DGRN",39.8,-75.61,"DEOS",137.583333333333,617,3302,-11.1,44.9166666666667,0.3
"2015-02-20","DGRN",39.8,-75.61,"DEOS",174.25,630,4182,-13.8291666666667,39.6666666666667,0
"2015-02-21","DGRN",39.8,-75.61,"DEOS",45.3333333333333,187,1088,-7.67916666666667,74.875,0
"2015-02-22","DGRN",39.8,-75.61,"DEOS",131.041666666667,585,3145,2.12916666666667,85.2916666666667,9.2
"2015-02-23","DGRN",39.8,-75.61,"DEOS",115.125,610,2763,-4.37916666666667,48.0833333333333,0
"2015-02-24","DGRN",39.8,-75.61,"DEOS",182.375,664,4377,-9.90833333333333,52.3333333333333,0
"2015-02-25","DGRN",39.8,-75.61,"DEOS",163.916666666667,589,3934,-2.82083333333333,59.4583333333333,0
"2015-02-26","DGRN",39.8,-75.61,"DEOS",117.291666666667,533,2815,-2.52083333333333,60.6666666666667,0
"2015-02-27","DGRN",39.8,-75.61,"DEOS",168.958333333333,659,4055,-4.9375,62.9583333333333,0.3
"2015-02-28","DGRN",39.8,-75.61,"DEOS",181.708333333333,673,4361,-6.38333333333333,39.9166666666667,0
"2015-03-01","DGRN",39.8,-75.61,"DEOS",36.75,181,882,-4.38333333333333,78.625,0
"2015-03-02","DGRN",39.8,-75.61,"DEOS",185.416666666667,696,4450,-0.0583333333333333,71.9166666666667,14.8
"2015-03-03","DGRN",39.8,-75.61,"DEOS",68.4166666666667,382,1642,-2.92916666666667,73.3333333333333,0
"2015-03-04","DGRN",39.8,-75.61,"DEOS",48.2083333333333,266,1157,2.72083333333333,98.75,22.8
"2015-03-05","DGRN",39.8,-75.61,"DEOS",6.16666666666667,27,148,-3.49583333333333,98.2083333333333,3.3
"2015-03-06","DGRN",39.8,-75.61,"DEOS",44.2083333333333,146,1061,-8.75,66.125,7.6
"2015-03-07","DGRN",39.8,-75.61,"DEOS",119.958333333333,632,2879,-2.63333333333333,58.8333333333333,2.7
"2015-03-08","DGRN",39.8,-75.61,"DEOS",203.75,754,4890,5.175,50.5,0
"2015-03-09","DGRN",39.8,-75.61,"DEOS",189.5,695,4548,7.55833333333333,50.9166666666667,0
"2015-03-10","DGRN",39.8,-75.61,"DEOS",85.75,409,2058,7.54583333333333,76.7916666666667,18
"2015-03-11","DGRN",39.8,-75.61,"DEOS",138.833333333333,592,3332,9.60833333333333,77.8333333333333,0.5
"2015-03-12","DGRN",39.8,-75.61,"DEOS",217.75,739,5226,6.29583333333333,35.2083333333333,0
"2015-03-13","DGRN",39.8,-75.61,"DEOS",153.166666666667,651,3676,2.67916666666667,39.4583333333333,2.8
"2015-03-14","DGRN",39.8,-75.61,"DEOS",28.4166666666667,134,682,5.925,99.2083333333333,30.7
"2015-03-15","DGRN",39.8,-75.61,"DEOS",55.375,231,1329,5.18333333333333,67.2083333333333,0.3
"2015-03-16","DGRN",39.8,-75.61,"DEOS",144.875,470,3477,5.36666666666667,64,0
"2015-03-17","DGRN",39.8,-75.61,"DEOS",185.875,686,4461,9.92083333333333,53.0833333333333,0
"2015-03-18","DGRN",39.8,-75.61,"DEOS",235.083333333333,776,5642,1.85833333333333,32.3333333333333,0
"2015-03-19","DGRN",39.8,-75.61,"DEOS",216.958333333333,732,5207,1.84166666666667,35.75,0
"2015-03-20","DGRN",39.8,-75.61,"DEOS",24.9166666666667,85,598,0.170833333333333,85.7916666666667,0
"2015-03-21","DGRN",39.8,-75.61,"DEOS",186.625,613,4479,4.14583333333333,82.25,14.3
"2015-03-22","DGRN",39.8,-75.61,"DEOS",215.708333333333,713,5177,4.62916666666667,40.875,0
"2015-03-23","DGRN",39.8,-75.61,"DEOS",237.791666666667,778,5707,0.191666666666667,40.1666666666667,0
"2015-03-24","DGRN",39.8,-75.61,"DEOS",72.875,399,1749,0.275,39.625,0
"2015-03-25","DGRN",39.8,-75.61,"DEOS",70.875,405,1701,1.90833333333333,70.125,0.6
"2015-03-26","DGRN",39.8,-75.61,"DEOS",88.2916666666667,398,2119,10.4208333333333,91.5833333333333,7
"2015-03-27","DGRN",39.8,-75.61,"DEOS",85.9583333333333,390,2063,5.07083333333333,74.7083333333333,10.8
"2015-03-28","DGRN",39.8,-75.61,"DEOS",153.666666666667,515,3688,0.533333333333333,57.2916666666667,0
"2015-03-29","DGRN",39.8,-75.61,"DEOS",258.458333333333,824,6203,-0.0416666666666666,36.8333333333333,0
"2015-03-30","DGRN",39.8,-75.61,"DEOS",147.541666666667,559,3541,6.425,49.8333333333333,0
"2015-03-31","DGRN",39.8,-75.61,"DEOS",102.291666666667,570,2455,6.79583333333333,57.4583333333333,1.8
"2015-04-01","DGRN",39.8,-75.61,"DEOS",254.208333333333,809,6101,5.6,54.2083333333333,0
"2015-04-02","DGRN",39.8,-75.61,"DEOS",236.083333333333,815,5666,10.8208333333333,45.375,0
"2015-04-03","DGRN",39.8,-75.61,"DEOS",42.4166666666667,171,1018,14.9666666666667,80.4583333333333,1.6
"2015-04-04","DGRN",39.8,-75.61,"DEOS",249.791666666667,837,5995,11.05,50.4583333333333,0.6
"2015-04-05","DGRN",39.8,-75.61,"DEOS",239.333333333333,711,5744,10.4125,32.9583333333333,0
"2015-04-06","DGRN",39.8,-75.61,"DEOS",254,819,6096,13.8416666666667,47.4583333333333,0
"2015-04-07","DGRN",39.8,-75.61,"DEOS",107.291666666667,491,2575,13.9416666666667,79.125,10.2
"2015-04-08","DGRN",39.8,-75.61,"DEOS",32.8333333333333,132,788,4.725,95.9166666666667,1.7
"2015-04-09","DGRN",39.8,-75.61,"DEOS",39.125,133,939,3.6,97.5833333333333,1.1
"2015-04-10","DGRN",39.8,-75.61,"DEOS",68.0416666666667,258,1633,7.60833333333333,99.4583333333333,1.5
"2015-04-11","DGRN",39.8,-75.61,"DEOS",279.833333333333,867,6716,12.2166666666667,45.0833333333333,0
"2015-04-12","DGRN",39.8,-75.61,"DEOS",283.958333333333,882,6815,10.6791666666667,43.8333333333333,0
"2015-04-13","DGRN",39.8,-75.61,"DEOS",255.291666666667,833,6127,14.05,63.7916666666667,0
"2015-04-14","DGRN",39.8,-75.61,"DEOS",39.0833333333333,151,938,13.3166666666667,76.0416666666667,4.6
"2015-04-15","DGRN",39.8,-75.61,"DEOS",237.375,779,5697,14.0541666666667,36.4166666666667,0.3
"2015-04-16","DGRN",39.8,-75.61,"DEOS",270.333333333333,881,6488,14.1458333333333,35.9166666666667,0
"2015-04-17","DGRN",39.8,-75.61,"DEOS",150.416666666667,703,3610,16.0625,84.0416666666667,5.7
"2015-04-18","DGRN",39.8,-75.61,"DEOS",276.708333333333,820,6641,19.4166666666667,51.875,0
"2015-04-19","DGRN",39.8,-75.61,"DEOS",210.666666666667,811,5056,13.4083333333333,44.6666666666667,0
"2015-04-20","DGRN",39.8,-75.61,"DEOS",148.25,672,3558,15.9333333333333,87.75,57.8
"2015-04-21","DGRN",39.8,-75.61,"DEOS",247.333333333333,773,5936,14.2041666666667,58.0833333333333,10.9
"2015-04-22","DGRN",39.8,-75.61,"DEOS",191.583333333333,862,4598,11.9,56.875,3.1
"2015-04-23","DGRN",39.8,-75.61,"DEOS",148.541666666667,465,3565,6.09583333333333,53.2916666666667,0
"2015-04-24","DGRN",39.8,-75.61,"DEOS",298.416666666667,925,7162,6.39166666666667,41.8333333333333,0
"2015-04-25","DGRN",39.8,-75.61,"DEOS",220,909,5280,6.67083333333333,47.375,0
"2015-04-26","DGRN",39.8,-75.61,"DEOS",261.875,999,6285,10.4791666666667,50.6666666666667,0
"2015-04-27","DGRN",39.8,-75.61,"DEOS",150.583333333333,618,3614,10.0333333333333,50.1666666666667,0
"2015-04-28","DGRN",39.8,-75.61,"DEOS",263.166666666667,911,6316,14.0416666666667,51,0
"2015-04-29","DGRN",39.8,-75.61,"DEOS",289.5,949,6948,16.8416666666667,45.2083333333333,0
"2015-04-30","DGRN",39.8,-75.61,"DEOS",259.375,804,6225,14.3583333333333,62.25,0
"2015-05-01","DGRN",39.8,-75.61,"DEOS",139.125,561,3339,11.7625,65.375,0
"2015-05-02","DGRN",39.8,-75.61,"DEOS",237.416666666667,849,5698,13.3416666666667,68.6666666666667,0
"2015-05-03","DGRN",39.8,-75.61,"DEOS",307.75,945,7386,17.4166666666667,55.0416666666667,0
"2015-05-04","DGRN",39.8,-75.61,"DEOS",300.958333333333,905,7223,20.5666666666667,47.9166666666667,0
"2015-05-05","DGRN",39.8,-75.61,"DEOS",231.291666666667,873,5551,21.7625,57.9583333333333,0
"2015-05-06","DGRN",39.8,-75.61,"DEOS",193.458333333333,713,4643,19.0333333333333,65.5416666666667,0.8
"2015-05-07","DGRN",39.8,-75.61,"DEOS",263.833333333333,872,6332,18.4708333333333,64.625,0
"2015-05-08","DGRN",39.8,-75.61,"DEOS",279.791666666667,852,6715,18.7083333333333,74.625,0
"2015-05-09","DGRN",39.8,-75.61,"DEOS",148.333333333333,734,3560,18.825,NA,0
"2015-05-10","DGRN",39.8,-75.61,"DEOS",185.208333333333,671,4445,20.4541666666667,90.5833333333333,2.4
"2015-05-11","DGRN",39.8,-75.61,"DEOS",147.291666666667,709,3535,21.0125,91.25,0.8
"2015-05-12","DGRN",39.8,-75.61,"DEOS",229.666666666667,842,5512,22.8375,66.2083333333333,0.3
"2015-05-13","DGRN",39.8,-75.61,"DEOS",230.833333333333,810,5540,15.8,48.8333333333333,0
"2015-05-14","DGRN",39.8,-75.61,"DEOS",324.791666666667,941,7795,14.2166666666667,49.625,0
"2015-05-15","DGRN",39.8,-75.61,"DEOS",279.416666666667,912,6706,15.7958333333333,60.9166666666667,0
"2015-05-16","DGRN",39.8,-75.61,"DEOS",228.708333333333,838,5489,20.1041666666667,76.5,13.8
"2015-05-17","DGRN",39.8,-75.61,"DEOS",195.625,644,4695,22.3541666666667,82.7083333333333,2.6
"2015-05-18","DGRN",39.8,-75.61,"DEOS",183.708333333333,971,4409,21.8458333333333,85.8333333333333,12.3
"2015-05-19","DGRN",39.8,-75.61,"DEOS",170.875,829,4101,19.425,90.7083333333333,5.9
"2015-05-20","DGRN",39.8,-75.61,"DEOS",299.875,878,7197,15.5291666666667,58,0
"2015-05-21","DGRN",39.8,-75.61,"DEOS",49.5,169,1188,9.975,79.9583333333333,2.7
"2015-05-22","DGRN",39.8,-75.61,"DEOS",298.583333333333,902,7166,15.5958333333333,56.9583333333333,0
"2015-05-23","DGRN",39.8,-75.61,"DEOS",337.75,954,8106,14.2333333333333,37.625,0
"2015-05-24","DGRN",39.8,-75.61,"DEOS",322.916666666667,923,7750,18.1416666666667,56.9583333333333,0
"2015-05-25","DGRN",39.8,-75.61,"DEOS",311.125,895,7467,21.8375,65,0
"2015-05-26","DGRN",39.8,-75.61,"DEOS",305.5,904,7332,22.8541666666667,69,0
"2015-05-27","DGRN",39.8,-75.61,"DEOS",194.791666666667,802,4675,23.275,80.5,0
"2015-05-28","DGRN",39.8,-75.61,"DEOS",227.458333333333,923,5459,24.0083333333333,77.375,0
"2015-05-29","DGRN",39.8,-75.61,"DEOS",273.75,892,6570,22.2041666666667,64.7916666666667,0
"2015-05-30","DGRN",39.8,-75.61,"DEOS",234,732,5616,23.0833333333333,76.9166666666667,0
"2015-05-31","DGRN",39.8,-75.61,"DEOS",263.5,900,6324,24.6916666666667,69.75,0.3
"2015-06-01","DGRN",39.8,-75.61,"DEOS",126.333333333333,778,3032,19.9583333333333,92.7916666666667,75
"2015-06-02","DGRN",39.8,-75.61,"DEOS",55.2083333333333,184,1325,11.9291666666667,99.7916666666667,6.9
"2015-06-03","DGRN",39.8,-75.61,"DEOS",183.291666666667,719,4399,14.4916666666667,81.375,0.3
"2015-06-04","DGRN",39.8,-75.61,"DEOS",135.166666666667,484,3244,14.9666666666667,74.875,7.4
"2015-06-05","DGRN",39.8,-75.61,"DEOS",168.875,717,4053,16.1,89.8333333333333,2.1
"2015-06-06","DGRN",39.8,-75.61,"DEOS",222.083333333333,728,5330,20.8041666666667,80.4583333333333,0.6
"2015-06-07","DGRN",39.8,-75.61,"DEOS",322.583333333333,935,7742,18.5708333333333,72.2916666666667,0
"2015-06-08","DGRN",39.8,-75.61,"DEOS",276.083333333333,882,6626,20.8208333333333,75.0833333333333,15.7
"2015-06-09","DGRN",39.8,-75.61,"DEOS",221.333333333333,758,5312,22.4625,75.0833333333333,6.9
"2015-06-10","DGRN",39.8,-75.61,"DEOS",304.833333333333,879,7316,22.1458333333333,63.7916666666667,0
"2015-06-11","DGRN",39.8,-75.61,"DEOS",275.75,823,6618,25.1708333333333,71.5416666666667,0
"2015-06-12","DGRN",39.8,-75.61,"DEOS",287.541666666667,831,6901,27.0291666666667,74.125,0
"2015-06-13","DGRN",39.8,-75.61,"DEOS",266.875,858,6405,25.6125,71.2083333333333,0
"2015-06-14","DGRN",39.8,-75.61,"DEOS",275.583333333333,925,6614,24.7958333333333,78.8333333333333,5.1
"2015-06-15","DGRN",39.8,-75.61,"DEOS",214.375,651,5145,25.375,83.125,2.7
"2015-06-16","DGRN",39.8,-75.61,"DEOS",223.208333333333,699,5357,26.0125,76.3333333333333,1.8
"2015-06-17","DGRN",39.8,-75.61,"DEOS",270,917,6480,22.3875,69.4166666666667,0
"2015-06-18","DGRN",39.8,-75.61,"DEOS",70.2083333333333,260,1685,18.9375,97.625,24.8
"2015-06-19","DGRN",39.8,-75.61,"DEOS",250.541666666667,708,6013,23.575,79.9583333333333,9.4
"2015-06-20","DGRN",39.8,-75.61,"DEOS",178.666666666667,560,4288,23.2625,83.7083333333333,11.4
"2015-06-21","DGRN",39.8,-75.61,"DEOS",254.916666666667,803,6118,25.1041666666667,80.3333333333333,25.3
"2015-06-22","DGRN",39.8,-75.61,"DEOS",316.291666666667,915,7591,25.1375,71.2083333333333,0.3
"2015-06-23","DGRN",39.8,-75.61,"DEOS",216.75,849,5202,24.9125,83.0833333333333,19.6
"2015-06-24","DGRN",39.8,-75.61,"DEOS",328.333333333333,923,7880,21.9041666666667,72.1666666666667,0.3
"2015-06-25","DGRN",39.8,-75.61,"DEOS",182.833333333333,759,4388,20.8791666666667,72.8333333333333,3.2
"2015-06-26","DGRN",39.8,-75.61,"DEOS",223.083333333333,781,5354,21.3458333333333,80.5,0
"2015-06-27","DGRN",39.8,-75.61,"DEOS",46.3333333333333,244,1112,17.8333333333333,90.8333333333333,56.4
"2015-06-28","DGRN",39.8,-75.61,"DEOS",221.833333333333,767,5324,20.0583333333333,78.2083333333333,2.4
"2015-06-29","DGRN",39.8,-75.61,"DEOS",302.791666666667,946,7267,20.1166666666667,67.8333333333333,0
"2015-06-30","DGRN",39.8,-75.61,"DEOS",209.291666666667,845,5023,22,82.2083333333333,21.2
"2015-07-01","DGRN",39.8,-75.61,"DEOS",287.458333333333,872,6899,22.8416666666667,77.2083333333333,22.9
"2015-07-02","DGRN",39.8,-75.61,"DEOS",87.1666666666667,383,2092,19.6875,85.5,0.8
"2015-07-03","DGRN",39.8,-75.61,"DEOS",263.375,833,6321,21.325,76.3333333333333,0.3
"2015-07-04","DGRN",39.8,-75.61,"DEOS",124,524,2976,20.6541666666667,87.9583333333333,1.9
"2015-07-05","DGRN",39.8,-75.61,"DEOS",255.041666666667,882,6121,22.1958333333333,79.125,0
"2015-07-06","DGRN",39.8,-75.61,"DEOS",194.875,635,4677,23.9458333333333,86.2083333333333,0.5
"2015-07-07","DGRN",39.8,-75.61,"DEOS",264.916666666667,841,6358,25.5791666666667,79.7916666666667,0
"2015-07-08","DGRN",39.8,-75.61,"DEOS",184.958333333333,818,4439,25.125,82.8333333333333,3.3
"2015-07-09","DGRN",39.8,-75.61,"DEOS",181.916666666667,578,4366,24.2,88.2083333333333,6.4
"2015-07-10","DGRN",39.8,-75.61,"DEOS",298.625,888,7167,23.3625,70.5,0
"2015-07-11","DGRN",39.8,-75.61,"DEOS",311.125,955,7467,24.1541666666667,60.5416666666667,0
"2015-07-12","DGRN",39.8,-75.61,"DEOS",269.166666666667,893,6460,23.9375,68.125,0
"2015-07-13","DGRN",39.8,-75.61,"DEOS",255.583333333333,711,6134,23.775,68.9583333333333,0
"2015-07-14","DGRN",39.8,-75.61,"DEOS",201.583333333333,676,4838,24.3208333333333,83.25,4.1
"2015-07-15","DGRN",39.8,-75.61,"DEOS",106.708333333333,577,2561,21.3833333333333,91.6666666666667,11.4
"2015-07-16","DGRN",39.8,-75.61,"DEOS",280.791666666667,839,6739,20.3666666666667,68.7083333333333,0
"2015-07-17","DGRN",39.8,-75.61,"DEOS",240.416666666667,930,5770,21.5833333333333,77.2916666666667,0
"2015-07-18","DGRN",39.8,-75.61,"DEOS",205.25,773,4926,24.8541666666667,79.0416666666667,0
"2015-07-19","DGRN",39.8,-75.61,"DEOS",283.333333333333,901,6800,27.9,77.9166666666667,0
"2015-07-20","DGRN",39.8,-75.61,"DEOS",266.833333333333,860,6404,27.9958333333333,73,0
"2015-07-21","DGRN",39.8,-75.61,"DEOS",183,635,4392,25.8583333333333,74.2916666666667,0
"2015-07-22","DGRN",39.8,-75.61,"DEOS",285.125,872,6843,22.3416666666667,64.8333333333333,0
"2015-07-23","DGRN",39.8,-75.61,"DEOS",288.708333333333,964,6929,21.8208333333333,57.6666666666667,0
"2015-07-24","DGRN",39.8,-75.61,"DEOS",307.125,905,7371,22.7541666666667,53.5833333333333,0
"2015-07-25","DGRN",39.8,-75.61,"DEOS",286.875,915,6885,23.7625,58.7916666666667,0
"2015-07-26","DGRN",39.8,-75.61,"DEOS",249.083333333333,841,5978,24.7166666666667,67.5416666666667,0
"2015-07-27","DGRN",39.8,-75.61,"DEOS",146.791666666667,453,3523,23.5041666666667,84.4583333333333,12.7
"2015-07-28","DGRN",39.8,-75.61,"DEOS",288.5,932,6924,26.0875,78.2916666666667,0
"2015-07-29","DGRN",39.8,-75.61,"DEOS",267.916666666667,800,6430,26.4791666666667,78.75,0
"2015-07-30","DGRN",39.8,-75.61,"DEOS",162.208333333333,652,3893,25.0333333333333,87.4166666666667,4
"2015-07-31","DGRN",39.8,-75.61,"DEOS",298.791666666667,937,7171,24.8125,64.0416666666667,0
"2015-08-01","DGRN",39.8,-75.61,"DEOS",233.125,806,5595,24.9166666666667,59.3333333333333,0
"2015-08-02","DGRN",39.8,-75.61,"DEOS",289.083333333333,861,6938,24.575,54.5,0
"2015-08-03","DGRN",39.8,-75.61,"DEOS",269.166666666667,849,6460,25.1208333333333,64.125,0
"2015-08-04","DGRN",39.8,-75.61,"DEOS",280.541666666667,842,6733,25.4458333333333,65.2916666666667,0.8
"2015-08-05","DGRN",39.8,-75.61,"DEOS",266.166666666667,829,6388,24.3958333333333,53.7083333333333,0
"2015-08-06","DGRN",39.8,-75.61,"DEOS",215.416666666667,840,5170,21.7958333333333,67.1666666666667,2.8
"2015-08-07","DGRN",39.8,-75.61,"DEOS",261.458333333333,812,6275,22.7541666666667,69.2083333333333,0.3
"2015-08-08","DGRN",39.8,-75.61,"DEOS",238.458333333333,789,5723,22.1833333333333,64.625,0
"2015-08-09","DGRN",39.8,-75.61,"DEOS",200,745,4800,22.2666666666667,71.625,1
"2015-08-10","DGRN",39.8,-75.61,"DEOS",66,281,1584,20.5125,86.5416666666667,1.1
"2015-08-11","DGRN",39.8,-75.61,"DEOS",116.166666666667,627,2788,22.15,93.8333333333333,28.5
"2015-08-12","DGRN",39.8,-75.61,"DEOS",275.333333333333,853,6608,22.1291666666667,72.1666666666667,0.3
"2015-08-13","DGRN",39.8,-75.61,"DEOS",271.333333333333,803,6512,21.5666666666667,65,0
"2015-08-14","DGRN",39.8,-75.61,"DEOS",273.125,845,6555,22.4875,64.5416666666667,0
"2015-08-15","DGRN",39.8,-75.61,"DEOS",275.291666666667,826,6607,24.2583333333333,63.2916666666667,0
"2015-08-16","DGRN",39.8,-75.61,"DEOS",271.416666666667,823,6514,25.2958333333333,61.9583333333333,0
"2015-08-17","DGRN",39.8,-75.61,"DEOS",264.833333333333,810,6356,25.8041666666667,70.8333333333333,0
"2015-08-18","DGRN",39.8,-75.61,"DEOS",224.916666666667,831,5398,24.9583333333333,80,0
"2015-08-19","DGRN",39.8,-75.61,"DEOS",164.916666666667,596,3958,25.2541666666667,82.8333333333333,0
"2015-08-20","DGRN",39.8,-75.61,"DEOS",119.125,561,2859,24.5791666666667,89.7083333333333,10.6
"2015-08-21","DGRN",39.8,-75.61,"DEOS",260.541666666667,802,6253,23.7458333333333,74.5416666666667,0
"2015-08-22","DGRN",39.8,-75.61,"DEOS",283.291666666667,856,6799,21.6875,54.7083333333333,0
"2015-08-23","DGRN",39.8,-75.61,"DEOS",250.166666666667,865,6004,21.3125,61.9166666666667,0
"2015-08-24","DGRN",39.8,-75.61,"DEOS",221.75,766,5322,22.8083333333333,73.375,0
"2015-08-25","DGRN",39.8,-75.61,"DEOS",265.541666666667,820,6373,23.3916666666667,65.0833333333333,0
"2015-08-26","DGRN",39.8,-75.61,"DEOS",259.166666666667,807,6220,20.4291666666667,59.75,0
"2015-08-27","DGRN",39.8,-75.61,"DEOS",NA,NA,NA,NA,NA,NA
"2015-08-28","DGRN",39.8,-75.61,"DEOS",234,737,5616,20.3875,66.1666666666667,0
"2015-08-29","DGRN",39.8,-75.61,"DEOS",231.333333333333,767,5552,21.6791666666667,72.8333333333333,0
"2015-08-30","DGRN",39.8,-75.61,"DEOS",224.791666666667,714,5395,23.8208333333333,72.4166666666667,0
"2015-08-31","DGRN",39.8,-75.61,"DEOS",160.333333333333,718,3848,24.8208333333333,76.1666666666667,17.8
"2015-09-01","DGRN",39.8,-75.61,"DEOS",236.625,761,5679,25.675,70.4583333333333,0
"2015-09-02","DGRN",39.8,-75.61,"DEOS",204.333333333333,714,4904,24.8583333333333,72.5416666666667,0
"2015-09-03","DGRN",39.8,-75.61,"DEOS",213.333333333333,725,5120,26.0583333333333,67.625,0.3
"2015-09-04","DGRN",39.8,-75.61,"DEOS",131.083333333333,556,3146,24.3083333333333,78.4583333333333,6.4
"2015-09-05","DGRN",39.8,-75.61,"DEOS",219.291666666667,707,5263,23.1625,67.4583333333333,0
"2015-09-06","DGRN",39.8,-75.61,"DEOS",243,744,5832,21.425,64.9583333333333,0
"2015-09-07","DGRN",39.8,-75.61,"DEOS",228.625,756,5487,23.3708333333333,77.625,0.3
"2015-09-08","DGRN",39.8,-75.61,"DEOS",228.708333333333,742,5489,25.2333333333333,74.7916666666667,0
"2015-09-09","DGRN",39.8,-75.61,"DEOS",197.458333333333,731,4739,26.1958333333333,79.125,0
"2015-09-10","DGRN",39.8,-75.61,"DEOS",41.4166666666667,190,994,22.1916666666667,96.0416666666667,36.1
"2015-09-11","DGRN",39.8,-75.61,"DEOS",189.208333333333,606,4541,21.425,79.625,0.3
"2015-09-12","DGRN",39.8,-75.61,"DEOS",56,255,1344,20.0416666666667,91.7083333333333,11.3
"2015-09-13","DGRN",39.8,-75.61,"DEOS",115.958333333333,505,2783,16.7,79.9583333333333,0.3
"2015-09-14","DGRN",39.8,-75.61,"DEOS",240.5,770,5772,16.775,60.7083333333333,0
"2015-09-15","DGRN",39.8,-75.61,"DEOS",233.208333333333,761,5597,19.7708333333333,60.0833333333333,0
"2015-09-16","DGRN",39.8,-75.61,"DEOS",229.041666666667,736,5497,21.9416666666667,59.9166666666667,0
"2015-09-17","DGRN",39.8,-75.61,"DEOS",228.208333333333,749,5477,21.85,61,0
"2015-09-18","DGRN",39.8,-75.61,"DEOS",223,732,5352,21.5791666666667,70.375,0
"2015-09-19","DGRN",39.8,-75.61,"DEOS",169.208333333333,599,4061,21.6416666666667,85.4166666666667,0
"2015-09-20","DGRN",39.8,-75.61,"DEOS",170.583333333333,710,4094,20.2875,68.3333333333333,0
"2015-09-21","DGRN",39.8,-75.61,"DEOS",129.083333333333,653,3098,16.3833333333333,66.5416666666667,0
"2015-09-22","DGRN",39.8,-75.61,"DEOS",124.958333333333,561,2999,16.9708333333333,75.375,0
"2015-09-23","DGRN",39.8,-75.61,"DEOS",220.416666666667,729,5290,18.1833333333333,66.875,0
"2015-09-24","DGRN",39.8,-75.61,"DEOS",188.25,652,4518,18.7,62.6666666666667,0
"2015-09-25","DGRN",39.8,-75.61,"DEOS",161.708333333333,703,3881,18.2875,67.2083333333333,0
"2015-09-26","DGRN",39.8,-75.61,"DEOS",127.875,615,3069,16.5291666666667,72.25,0
"2015-09-27","DGRN",39.8,-75.61,"DEOS",120.666666666667,445,2896,16.5375,79.9583333333333,0
"2015-09-28","DGRN",39.8,-75.61,"DEOS",125.958333333333,632,3023,20.4916666666667,87.3333333333333,0
"2015-09-29","DGRN",39.8,-75.61,"DEOS",90.875,365,2181,22.4041666666667,91.375,28.9
"2015-09-30","DGRN",39.8,-75.61,"DEOS",77.25,362,1854,21.0833333333333,92.375,16
"2015-10-01","DGRN",39.8,-75.61,"DEOS",31.9166666666667,165,766,13.3,90.9583333333333,7
"2015-10-02","DGRN",39.8,-75.61,"DEOS",26.5,109,636,9.27916666666667,95.6666666666667,54.3
"2015-10-03","DGRN",39.8,-75.61,"DEOS",43.7916666666667,173,1051,9.82083333333333,94.5,4.3
"2015-10-04","DGRN",39.8,-75.61,"DEOS",70.25,238,1686,12.0875,80.1666666666667,0
"2015-10-05","DGRN",39.8,-75.61,"DEOS",179.208333333333,620,4301,12.4333333333333,75.375,0
"2015-10-06","DGRN",39.8,-75.61,"DEOS",187.375,651,4497,15.2,75.4166666666667,0
"2015-10-07","DGRN",39.8,-75.61,"DEOS",152.541666666667,581,3661,16.9083333333333,78.0416666666667,0
"2015-10-08","DGRN",39.8,-75.61,"DEOS",141.041666666667,587,3385,16.7166666666667,77.5833333333333,0
"2015-10-09","DGRN",39.8,-75.61,"DEOS",115.416666666667,480,2770,17.6708333333333,89.4583333333333,15
"2015-10-10","DGRN",39.8,-75.61,"DEOS",182.541666666667,665,4381,12.7291666666667,68.2083333333333,0
"2015-10-11","DGRN",39.8,-75.61,"DEOS",184.833333333333,657,4436,12.95,72.5416666666667,0
"2015-10-12","DGRN",39.8,-75.61,"DEOS",183.583333333333,650,4406,15.5583333333333,74.5416666666667,0
"2015-10-13","DGRN",39.8,-75.61,"DEOS",109.375,576,2625,16.8583333333333,81.8333333333333,0
"2015-10-14","DGRN",39.8,-75.61,"DEOS",112.958333333333,494,2711,14.0916666666667,70.125,0
"2015-10-15","DGRN",39.8,-75.61,"DEOS",172,635,4128,12.4583333333333,65.8333333333333,0
"2015-10-16","DGRN",39.8,-75.61,"DEOS",172.083333333333,618,4130,12.0625,63.8333333333333,0
"2015-10-17","DGRN",39.8,-75.61,"DEOS",115,578,2760,7.90833333333333,64.6666666666667,0
"2015-10-18","DGRN",39.8,-75.61,"DEOS",154.125,633,3699,4.40833333333333,74.75,0
"2015-10-19","DGRN",39.8,-75.61,"DEOS",169.166666666667,596,4060,4.67083333333333,71.3333333333333,0
"2015-10-20","DGRN",39.8,-75.61,"DEOS",154.833333333333,566,3716,11.725,62.625,0
"2015-10-21","DGRN",39.8,-75.61,"DEOS",148.291666666667,574,3559,15.1291666666667,70,0
"2015-10-22","DGRN",39.8,-75.61,"DEOS",149.166666666667,575,3580,15.8791666666667,68.1666666666667,0
"2015-10-23","DGRN",39.8,-75.61,"DEOS",166.625,606,3999,12.9916666666667,59,0
"2015-10-24","DGRN",39.8,-75.61,"DEOS",115.916666666667,595,2782,9.45,68.875,0
"2015-10-25","DGRN",39.8,-75.61,"DEOS",89.5,485,2148,13.8875,76.9583333333333,0.3
"2015-10-26","DGRN",39.8,-75.61,"DEOS",132.958333333333,592,3191,8.87916666666667,66.9166666666667,0
"2015-10-27","DGRN",39.8,-75.61,"DEOS",80.625,357,1935,8.72916666666667,79.375,0
"2015-10-28","DGRN",39.8,-75.61,"DEOS",12,49,288,15.8458333333333,96.0833333333333,39.7
"2015-10-29","DGRN",39.8,-75.61,"DEOS",112.291666666667,470,2695,16.9041666666667,69.625,21.9
"2015-10-30","DGRN",39.8,-75.61,"DEOS",137.5,494,3300,9.56666666666667,61.2083333333333,0
"2015-10-31","DGRN",39.8,-75.61,"DEOS",135.791666666667,552,3259,7.87916666666667,71.2083333333333,0
"2015-11-01","DGRN",39.8,-75.61,"DEOS",63.625,312,1527,13.25,84.8333333333333,0
"2015-11-02","DGRN",39.8,-75.61,"DEOS",53.125,224,1275,13.1625,76.5833333333333,0
"2015-11-03","DGRN",39.8,-75.61,"DEOS",143.625,538,3447,14.5625,64.0416666666667,0
"2015-11-04","DGRN",39.8,-75.61,"DEOS",139.791666666667,536,3355,15.8791666666667,62.6666666666667,0
"2015-11-05","DGRN",39.8,-75.61,"DEOS",42.2083333333333,219,1013,16.3541666666667,98.7083333333333,0.8
"2015-11-06","DGRN",39.8,-75.61,"DEOS",50.3333333333333,267,1208,19.5208333333333,89.4583333333333,0.9
"2015-11-07","DGRN",39.8,-75.61,"DEOS",20.375,102,489,14.55,65.125,0
"2015-11-08","DGRN",39.8,-75.61,"DEOS",136.041666666667,526,3265,9.19166666666667,52.5416666666667,0
"2015-11-09","DGRN",39.8,-75.61,"DEOS",94.2916666666667,480,2263,9.19583333333333,59.25,0
"2015-11-10","DGRN",39.8,-75.61,"DEOS",20.9583333333333,104,503,12.8291666666667,97.7916666666667,18.4
"2015-11-11","DGRN",39.8,-75.61,"DEOS",48.5,213,1164,12.2916666666667,87.875,0
"2015-11-12","DGRN",39.8,-75.61,"DEOS",26.875,110,645,11.3041666666667,89.9583333333333,4.1
"2015-11-13","DGRN",39.8,-75.61,"DEOS",128.833333333333,522,3092,10.9625,43.875,0
"2015-11-14","DGRN",39.8,-75.61,"DEOS",110.083333333333,465,2642,6.23333333333333,49.125,0
"2015-11-15","DGRN",39.8,-75.61,"DEOS",124.541666666667,489,2989,8.925,51.75,0
"2015-11-16","DGRN",39.8,-75.61,"DEOS",124.75,498,2994,13.5458333333333,40.75,0
"2015-11-17","DGRN",39.8,-75.61,"DEOS",114.625,456,2751,9.08333333333333,62.4583333333333,0
"2015-11-18","DGRN",39.8,-75.61,"DEOS",45.125,262,1083,11.4708333333333,80.2916666666667,0
"2015-11-19","DGRN",39.8,-75.61,"DEOS",16.3333333333333,94,392,15.4291666666667,92.5,36.7
"2015-11-20","DGRN",39.8,-75.61,"DEOS",121.791666666667,493,2923,8.90416666666667,49.2083333333333,0.3
"2015-11-21","DGRN",39.8,-75.61,"DEOS",116.083333333333,475,2786,6.61666666666667,56.6666666666667,0
"2015-11-22","DGRN",39.8,-75.61,"DEOS",50.5833333333333,233,1214,6.50833333333333,61.6666666666667,0
"2015-11-23","DGRN",39.8,-75.61,"DEOS",117.291666666667,467,2815,0.933333333333333,49.7083333333333,0
"2015-11-24","DGRN",39.8,-75.61,"DEOS",96.25,463,2310,3.67083333333333,53.7083333333333,0
"2015-11-25","DGRN",39.8,-75.61,"DEOS",110.083333333333,451,2642,5.4625,63.1666666666667,0
"2015-11-26","DGRN",39.8,-75.61,"DEOS",109.541666666667,442,2629,9.73333333333333,75.1666666666667,0
"2015-11-27","DGRN",39.8,-75.61,"DEOS",94.5833333333333,454,2270,12.0083333333333,79.0416666666667,0
"2015-11-28","DGRN",39.8,-75.61,"DEOS",34.125,161,819,12.5166666666667,83.4583333333333,0.3
"2015-11-29","DGRN",39.8,-75.61,"DEOS",33.5,164,804,5.54166666666667,77.9583333333333,3.7
"2015-11-30","DGRN",39.8,-75.61,"DEOS",44.1666666666667,216,1060,3.7875,74.9583333333333,1.1
"2015-12-01","DGRN",39.8,-75.61,"DEOS",9.58333333333333,42,230,10.2416666666667,99.8333333333333,26.1
"2015-12-02","DGRN",39.8,-75.61,"DEOS",14.5833333333333,88,350,10.8541666666667,98.5416666666667,4.9
"2015-12-03","DGRN",39.8,-75.61,"DEOS",104.5,434,2508,6.52916666666667,65.5,0.3
"2015-12-04","DGRN",39.8,-75.61,"DEOS",105.041666666667,436,2521,5.3875,66.6666666666667,0
"2015-12-05","DGRN",39.8,-75.61,"DEOS",103.708333333333,427,2489,4.77083333333333,72.4166666666667,0
"2015-12-06","DGRN",39.8,-75.61,"DEOS",102.083333333333,431,2450,5.09166666666667,75.6666666666667,0
"2015-12-07","DGRN",39.8,-75.61,"DEOS",93.1666666666667,428,2236,6.4125,67.5833333333333,0
"2015-12-08","DGRN",39.8,-75.61,"DEOS",95.5416666666667,430,2293,4.475,70.1666666666667,0
"2015-12-09","DGRN",39.8,-75.61,"DEOS",73.75,349,1770,6.875,84.625,0
"2015-12-10","DGRN",39.8,-75.61,"DEOS",89.75,403,2154,10.0375,78.75,0
"2015-12-11","DGRN",39.8,-75.61,"DEOS",64.2916666666667,321,1543,10.6625,84,0
"2015-12-12","DGRN",39.8,-75.61,"DEOS",71.7916666666667,304,1723,14.6416666666667,77.125,0
"2015-12-13","DGRN",39.8,-75.61,"DEOS",64,330,1536,16.0208333333333,81.2083333333333,0
"2015-12-14","DGRN",39.8,-75.61,"DEOS",33.625,194,807,15.1666666666667,NA,5.7
"2015-12-15","DGRN",39.8,-75.61,"DEOS",63,326,1512,12.6791666666667,65.25,1.8
"2015-12-16","DGRN",39.8,-75.61,"DEOS",26.2083333333333,122,629,8.72083333333333,69.5833333333333,0
"2015-12-17","DGRN",39.8,-75.61,"DEOS",5.54166666666667,27,133,10.0958333333333,95,27.8
"2015-12-18","DGRN",39.8,-75.61,"DEOS",43.7916666666667,252,1051,5.53333333333333,66.875,0
"2015-12-19","DGRN",39.8,-75.61,"DEOS",86.0416666666667,398,2065,0.791666666666667,50.0416666666667,0
"2015-12-20","DGRN",39.8,-75.61,"DEOS",98.125,413,2355,0.870833333333333,51.9166666666667,0
"2015-12-21","DGRN",39.8,-75.61,"DEOS",49.75,252,1194,7.12916666666667,71.1666666666667,0
"2015-12-22","DGRN",39.8,-75.61,"DEOS",11.2083333333333,50,269,12.6083333333333,94.5833333333333,2.6
"2015-12-23","DGRN",39.8,-75.61,"DEOS",9.25,48,222,14.9375,99,27.1
"2015-12-24","DGRN",39.8,-75.61,"DEOS",14.0416666666667,77,337,18.8208333333333,95.25,1.9
"2015-12-25","DGRN",39.8,-75.61,"DEOS",30.6666666666667,202,736,16.8666666666667,98.7916666666667,11.9
"2015-12-26","DGRN",39.8,-75.61,"DEOS",23.8333333333333,130,572,11.4333333333333,75.4166666666667,0
"2015-12-27","DGRN",39.8,-75.61,"DEOS",20.625,83,495,11.9958333333333,96.4583333333333,4.4
"2015-12-28","DGRN",39.8,-75.61,"DEOS",35.5416666666667,168,853,4.44583333333333,70.7916666666667,1.7
"2015-12-29","DGRN",39.8,-75.61,"DEOS",24.7083333333333,124,593,7.87083333333333,98.5833333333333,19.8
"2015-12-30","DGRN",39.8,-75.61,"DEOS",16.7083333333333,73,401,7.875,97.4166666666667,4.4
"2015-12-31","DGRN",39.8,-75.61,"DEOS",56.625,277,1359,7.02083333333333,82.3333333333333,0.3
